;cve_ent_mun;Restaurantes con servicio de preparación de alimentos a la carta o de comida corrida;Restaurantes con servicio de preparación de antojitos;Restaurantes con servicio de preparación de pescados y mariscos;Restaurantes con servicio de preparación de pizzas, hamburguesas, hot dogs y pollos rostizados para llevar;Restaurantes con servicio de preparación de tacos y tortas;Restaurantes de autoservicio;Restaurantes que preparan otro tipo de alimentos para llevar
0;10001;9.0;54.0;4.0;13.0;15.0;2.0;7.0
1;10002;4.0;2.0;0.0;2.0;1.0;0.0;0.0
2;10003;1.0;3.0;0.0;0.0;1.0;0.0;0.0
3;10004;14.0;61.0;5.0;20.0;18.0;2.0;8.0
4;10005;244.0;1500.0;141.0;394.0;480.0;67.0;197.0
5;10006;1.0;2.0;0.0;2.0;1.0;0.0;0.0
6;10007;61.0;977.0;38.0;260.0;199.0;20.0;78.0
7;10008;12.0;72.0;8.0;17.0;29.0;2.0;8.0
8;10009;1.0;4.0;1.0;6.0;5.0;0.0;2.0
9;1001;402.0;2092.0;192.0;506.0;1046.0;96.0;338.0
10;10010;0.0;0.0;0.0;1.0;0.0;0.0;1.0
11;10011;3.0;1.0;0.0;0.0;0.0;0.0;0.0
12;10012;24.0;300.0;16.0;86.0;58.0;2.0;27.0
13;10013;12.0;60.0;3.0;24.0;23.0;2.0;3.0
14;10014;4.0;9.0;1.0;2.0;1.0;0.0;1.0
15;10015;3.0;24.0;0.0;9.0;8.0;0.0;2.0
16;10016;4.0;39.0;2.0;11.0;17.0;2.0;4.0
17;10017;5.0;12.0;2.0;11.0;8.0;0.0;2.0
18;10018;4.0;19.0;3.0;8.0;15.0;0.0;3.0
19;10019;1.0;1.0;0.0;2.0;0.0;0.0;2.0
20;1002;6.0;44.0;3.0;11.0;37.0;0.0;5.0
21;10020;4.0;21.0;2.0;5.0;8.0;1.0;6.0
22;10021;4.0;16.0;2.0;7.0;4.0;2.0;2.0
23;10022;7.0;45.0;2.0;7.0;18.0;3.0;6.0
24;10023;12.0;48.0;9.0;18.0;24.0;0.0;4.0
25;10024;10.0;20.0;3.0;11.0;4.0;0.0;4.0
26;10025;1.0;2.0;0.0;0.0;0.0;0.0;0.0
27;10026;9.0;13.0;4.0;3.0;4.0;0.0;3.0
28;10027;4.0;2.0;0.0;2.0;3.0;0.0;0.0
29;10028;4.0;13.0;2.0;4.0;10.0;1.0;1.0
30;10029;1.0;3.0;1.0;4.0;1.0;0.0;1.0
31;1003;14.0;122.0;4.0;26.0;58.0;2.0;4.0
32;10030;0.0;2.0;0.0;0.0;0.0;0.0;0.0
33;10031;1.0;11.0;0.0;2.0;4.0;0.0;1.0
34;10032;22.0;77.0;14.0;35.0;40.0;0.0;6.0
35;10033;2.0;15.0;1.0;7.0;2.0;0.0;1.0
36;10034;7.0;2.0;5.0;3.0;11.0;1.0;1.0
37;10035;5.0;22.0;4.0;19.0;13.0;1.0;2.0
38;10036;5.0;34.0;2.0;17.0;7.0;1.0;5.0
39;10037;4.0;3.0;4.0;4.0;6.0;0.0;0.0
40;10038;8.0;105.0;9.0;35.0;43.0;2.0;11.0
41;10039;9.0;28.0;5.0;17.0;20.0;3.0;1.0
42;1004;0.0;27.0;3.0;2.0;10.0;0.0;2.0
43;1005;28.0;207.0;24.0;57.0;154.0;3.0;28.0
44;1006;10.0;93.0;8.0;25.0;71.0;0.0;8.0
45;1007;10.0;96.0;7.0;19.0;64.0;3.0;6.0
46;1008;4.0;19.0;13.0;10.0;19.0;0.0;1.0
47;1009;1.0;32.0;2.0;14.0;24.0;1.0;2.0
48;1010;0.0;18.0;2.0;11.0;13.0;0.0;3.0
49;1011;9.0;77.0;4.0;21.0;50.0;5.0;7.0
50;11001;16.0;56.0;7.0;31.0;57.0;3.0;10.0
51;11002;55.0;113.0;24.0;63.0;166.0;5.0;43.0
52;11003;179.0;105.0;27.0;95.0;157.0;10.0;34.0
53;11004;18.0;95.0;9.0;36.0;67.0;2.0;31.0
54;11005;11.0;71.0;13.0;43.0;81.0;4.0;25.0
55;11006;1.0;0.0;0.0;1.0;2.0;0.0;1.0
56;11007;236.0;585.0;72.0;334.0;529.0;44.0;339.0
57;11008;16.0;18.0;15.0;27.0;72.0;2.0;10.0
58;11009;19.0;69.0;6.0;35.0;45.0;1.0;27.0
59;11010;7.0;13.0;2.0;9.0;23.0;0.0;4.0
60;11011;26.0;191.0;17.0;43.0;114.0;3.0;38.0
61;11012;10.0;35.0;19.0;29.0;54.0;0.0;19.0
62;11013;4.0;9.0;3.0;15.0;8.0;1.0;4.0
63;11014;57.0;127.0;21.0;79.0;130.0;3.0;31.0
64;11015;170.0;124.0;47.0;115.0;160.0;12.0;76.0
65;11016;6.0;11.0;4.0;8.0;4.0;1.0;3.0
66;11017;194.0;553.0;133.0;305.0;521.0;35.0;261.0
67;11018;5.0;64.0;6.0;26.0;44.0;1.0;14.0
68;11019;9.0;16.0;2.0;16.0;34.0;0.0;1.0
69;11020;623.0;1916.0;393.0;1147.0;2312.0;137.0;697.0
70;11021;34.0;111.0;29.0;57.0;127.0;1.0;25.0
71;11022;6.0;18.0;9.0;10.0;24.0;0.0;3.0
72;11023;39.0;176.0;27.0;47.0;101.0;1.0;18.0
73;11024;2.0;17.0;5.0;9.0;16.0;0.0;10.0
74;11025;14.0;105.0;22.0;44.0;129.0;2.0;45.0
75;11026;16.0;27.0;10.0;29.0;32.0;1.0;7.0
76;11027;93.0;337.0;41.0;152.0;218.0;15.0;151.0
77;11028;48.0;137.0;21.0;69.0;134.0;3.0;41.0
78;11029;2.0;24.0;3.0;8.0;20.0;1.0;2.0
79;11030;15.0;91.0;11.0;34.0;81.0;1.0;11.0
80;11031;70.0;178.0;96.0;89.0;307.0;10.0;91.0
81;11032;66.0;70.0;15.0;55.0;98.0;4.0;27.0
82;11033;51.0;125.0;15.0;59.0;112.0;1.0;28.0
83;11034;6.0;13.0;1.0;9.0;7.0;0.0;0.0
84;11035;24.0;94.0;15.0;32.0;95.0;1.0;25.0
85;11036;2.0;13.0;3.0;8.0;18.0;1.0;2.0
86;11037;67.0;169.0;33.0;97.0;134.0;10.0;59.0
87;11038;3.0;13.0;2.0;13.0;15.0;0.0;4.0
88;11039;7.0;23.0;4.0;26.0;50.0;1.0;15.0
89;11040;4.0;14.0;0.0;9.0;8.0;1.0;3.0
90;11041;28.0;98.0;20.0;56.0;108.0;5.0;28.0
91;11042;37.0;122.0;22.0;50.0;126.0;1.0;40.0
92;11043;5.0;12.0;4.0;9.0;15.0;1.0;3.0
93;11044;9.0;113.0;8.0;46.0;70.0;2.0;22.0
94;11045;5.0;15.0;1.0;5.0;13.0;0.0;3.0
95;11046;21.0;54.0;21.0;36.0;63.0;6.0;23.0
96;12001;979.0;1291.0;377.0;360.0;986.0;69.0;461.0
97;12002;5.0;3.0;0.0;0.0;5.0;0.0;13.0
98;12003;8.0;69.0;2.0;18.0;24.0;0.0;19.0
99;12004;2.0;3.0;0.0;3.0;8.0;1.0;12.0
100;12005;4.0;4.0;1.0;7.0;8.0;1.0;13.0
101;12006;5.0;17.0;1.0;2.0;22.0;0.0;2.0
102;12007;6.0;70.0;5.0;17.0;36.0;0.0;50.0
103;12008;3.0;5.0;1.0;3.0;10.0;0.0;6.0
104;12009;0.0;0.0;0.0;0.0;0.0;0.0;2.0
105;12010;1.0;8.0;0.0;5.0;4.0;0.0;12.0
106;12011;26.0;72.0;12.0;34.0;52.0;0.0;59.0
107;12012;25.0;38.0;4.0;19.0;54.0;0.0;39.0
108;12013;11.0;16.0;0.0;6.0;14.0;0.0;1.0
109;12014;8.0;20.0;4.0;7.0;17.0;1.0;12.0
110;12015;5.0;19.0;2.0;8.0;25.0;0.0;6.0
111;12016;4.0;6.0;0.0;2.0;9.0;0.0;3.0
112;12017;4.0;21.0;0.0;7.0;19.0;1.0;6.0
113;12018;12.0;8.0;0.0;4.0;14.0;0.0;19.0
114;12019;1.0;6.0;0.0;3.0;4.0;0.0;1.0
115;12020;1.0;7.0;0.0;4.0;10.0;0.0;7.0
116;12021;35.0;54.0;4.0;22.0;86.0;1.0;55.0
117;12022;4.0;64.0;0.0;8.0;9.0;0.0;22.0
118;12023;27.0;65.0;6.0;13.0;33.0;1.0;12.0
119;12024;1.0;2.0;0.0;2.0;5.0;1.0;0.0
120;12025;4.0;5.0;0.0;5.0;5.0;0.0;6.0
121;12026;1.0;6.0;0.0;2.0;3.0;0.0;2.0
122;12027;10.0;44.0;0.0;5.0;13.0;0.0;14.0
123;12028;29.0;149.0;9.0;30.0;83.0;1.0;55.0
124;12029;212.0;426.0;46.0;164.0;348.0;27.0;377.0
125;12030;22.0;35.0;6.0;10.0;33.0;0.0;28.0
126;12031;2.0;2.0;0.0;1.0;3.0;0.0;0.0
127;12032;3.0;8.0;3.0;9.0;17.0;0.0;22.0
128;12033;6.0;12.0;1.0;9.0;16.0;0.0;22.0
129;12034;18.0;41.0;3.0;18.0;57.0;3.0;35.0
130;12035;106.0;457.0;32.0;90.0;322.0;16.0;165.0
131;12036;2.0;23.0;0.0;2.0;8.0;0.0;6.0
132;12037;2.0;4.0;0.0;2.0;12.0;0.0;4.0
133;12038;195.0;163.0;85.0;84.0;179.0;2.0;81.0
134;12039;23.0;34.0;4.0;10.0;31.0;1.0;31.0
135;12040;6.0;23.0;3.0;8.0;21.0;0.0;7.0
136;12041;0.0;2.0;0.0;0.0;7.0;0.0;5.0
137;12042;0.0;26.0;1.0;5.0;14.0;0.0;7.0
138;12043;2.0;1.0;0.0;7.0;10.0;0.0;7.0
139;12044;1.0;16.0;0.0;6.0;8.0;0.0;8.0
140;12045;5.0;11.0;0.0;11.0;17.0;0.0;17.0
141;12046;82.0;77.0;7.0;37.0;69.0;1.0;96.0
142;12047;2.0;2.0;0.0;1.0;0.0;0.0;2.0
143;12048;34.0;113.0;11.0;29.0;89.0;0.0;34.0
144;12049;3.0;34.0;1.0;5.0;28.0;0.0;11.0
145;12050;51.0;187.0;9.0;34.0;50.0;3.0;60.0
146;12051;6.0;39.0;2.0;17.0;28.0;1.0;24.0
147;12052;40.0;47.0;5.0;16.0;40.0;0.0;44.0
148;12053;30.0;98.0;6.0;20.0;89.0;2.0;35.0
149;12054;3.0;9.0;2.0;3.0;7.0;1.0;9.0
150;12055;56.0;145.0;8.0;53.0;134.0;2.0;62.0
151;12056;11.0;16.0;2.0;5.0;15.0;0.0;16.0
152;12057;79.0;101.0;7.0;27.0;107.0;5.0;59.0
153;12058;18.0;64.0;3.0;15.0;59.0;3.0;33.0
154;12059;1.0;14.0;5.0;8.0;12.0;0.0;15.0
155;12060;0.0;11.0;1.0;2.0;12.0;1.0;8.0
156;12061;13.0;118.0;4.0;11.0;51.0;1.0;33.0
157;12062;6.0;12.0;0.0;6.0;10.0;0.0;3.0
158;12063;0.0;2.0;0.0;1.0;3.0;0.0;11.0
159;12064;6.0;34.0;2.0;8.0;11.0;0.0;2.0
160;12065;3.0;5.0;0.0;7.0;4.0;0.0;5.0
161;12066;40.0;56.0;8.0;49.0;102.0;4.0;122.0
162;12067;10.0;55.0;1.0;15.0;23.0;2.0;36.0
163;12068;11.0;18.0;9.0;5.0;15.0;0.0;3.0
164;12069;1.0;2.0;0.0;2.0;1.0;0.0;3.0
165;12070;2.0;3.0;0.0;10.0;10.0;0.0;8.0
166;12071;4.0;11.0;1.0;5.0;18.0;0.0;14.0
167;12072;0.0;1.0;0.0;1.0;3.0;0.0;9.0
168;12073;6.0;26.0;2.0;4.0;5.0;0.0;13.0
169;12074;0.0;14.0;0.0;3.0;10.0;0.0;6.0
170;12075;18.0;112.0;11.0;19.0;67.0;0.0;50.0
171;12076;1.0;4.0;0.0;4.0;8.0;0.0;9.0
172;12077;13.0;23.0;0.0;11.0;26.0;0.0;16.0
173;12078;0.0;0.0;0.0;3.0;1.0;0.0;1.0
174;12079;1.0;8.0;1.0;1.0;6.0;0.0;4.0
175;12080;7.0;6.0;0.0;3.0;7.0;0.0;0.0
176;12081;5.0;4.0;0.0;6.0;18.0;0.0;6.0
177;13001;0.0;9.0;0.0;5.0;5.0;0.0;6.0
178;13002;2.0;16.0;1.0;9.0;22.0;0.0;9.0
179;13003;34.0;204.0;7.0;49.0;59.0;2.0;97.0
180;13004;1.0;6.0;1.0;3.0;3.0;0.0;4.0
181;13005;1.0;29.0;2.0;19.0;10.0;1.0;16.0
182;13006;1.0;5.0;0.0;8.0;3.0;0.0;3.0
183;13007;2.0;17.0;0.0;2.0;5.0;0.0;5.0
184;13008;29.0;67.0;5.0;21.0;43.0;2.0;27.0
185;13009;2.0;40.0;0.0;4.0;2.0;1.0;5.0
186;13010;20.0;48.0;2.0;13.0;13.0;0.0;29.0
187;13011;5.0;26.0;0.0;10.0;13.0;1.0;5.0
188;13012;6.0;25.0;1.0;18.0;18.0;0.0;22.0
189;13013;19.0;69.0;4.0;30.0;20.0;2.0;34.0
190;13014;3.0;3.0;0.0;7.0;4.0;0.0;9.0
191;13015;0.0;5.0;0.0;4.0;4.0;0.0;5.0
192;13016;13.0;55.0;6.0;28.0;36.0;2.0;26.0
193;13017;0.0;4.0;0.0;6.0;3.0;0.0;3.0
194;13018;10.0;15.0;1.0;8.0;13.0;2.0;10.0
195;13019;6.0;5.0;0.0;4.0;5.0;0.0;1.0
196;13020;0.0;1.0;0.0;0.0;2.0;0.0;0.0
197;13021;8.0;15.0;1.0;6.0;15.0;1.0;17.0
198;13022;1.0;8.0;0.0;5.0;2.0;0.0;7.0
199;13023;5.0;80.0;1.0;32.0;28.0;2.0;25.0
200;13024;12.0;4.0;1.0;3.0;1.0;0.0;0.0
201;13025;2.0;17.0;0.0;3.0;17.0;0.0;4.0
202;13026;0.0;3.0;0.0;2.0;2.0;0.0;1.0
203;13027;2.0;7.0;0.0;3.0;13.0;0.0;4.0
204;13028;60.0;130.0;7.0;65.0;172.0;2.0;68.0
205;13029;28.0;34.0;4.0;23.0;25.0;1.0;20.0
206;13030;74.0;201.0;11.0;98.0;105.0;6.0;120.0
207;13031;16.0;10.0;2.0;10.0;7.0;0.0;8.0
208;13032;1.0;18.0;0.0;5.0;13.0;0.0;3.0
209;13033;0.0;1.0;0.0;1.0;0.0;0.0;2.0
210;13034;1.0;1.0;0.0;0.0;0.0;0.0;3.0
211;13035;0.0;1.0;1.0;3.0;8.0;0.0;3.0
212;13036;4.0;5.0;0.0;6.0;5.0;0.0;8.0
213;13037;1.0;9.0;1.0;9.0;11.0;0.0;14.0
214;13038;8.0;12.0;1.0;0.0;1.0;0.0;1.0
215;13039;30.0;60.0;4.0;8.0;20.0;0.0;9.0
216;13040;1.0;2.0;0.0;0.0;3.0;0.0;3.0
217;13041;14.0;92.0;3.0;23.0;55.0;3.0;38.0
218;13042;9.0;10.0;0.0;5.0;11.0;0.0;13.0
219;13043;0.0;3.0;1.0;1.0;4.0;0.0;3.0
220;13044;3.0;4.0;0.0;4.0;4.0;0.0;3.0
221;13045;3.0;5.0;0.0;5.0;3.0;0.0;4.0
222;13046;5.0;32.0;4.0;21.0;32.0;0.0;17.0
223;13047;2.0;0.0;0.0;1.0;1.0;0.0;1.0
224;13048;324.0;779.0;40.0;247.0;414.0;71.0;508.0
225;13049;3.0;11.0;1.0;8.0;5.0;0.0;6.0
226;13050;13.0;50.0;2.0;20.0;30.0;1.0;33.0
227;13051;90.0;310.0;11.0;117.0;159.0;13.0;177.0
228;13052;5.0;40.0;4.0;11.0;19.0;1.0;23.0
229;13053;2.0;10.0;1.0;3.0;16.0;0.0;3.0
230;13054;2.0;35.0;2.0;14.0;16.0;2.0;14.0
231;13055;0.0;10.0;0.0;3.0;4.0;0.0;5.0
232;13056;4.0;92.0;4.0;12.0;22.0;1.0;28.0
233;13057;2.0;15.0;0.0;7.0;9.0;1.0;11.0
234;13058;9.0;8.0;1.0;10.0;10.0;2.0;10.0
235;13059;11.0;13.0;1.0;9.0;5.0;2.0;6.0
236;13060;5.0;8.0;1.0;2.0;15.0;0.0;5.0
237;13061;28.0;78.0;11.0;43.0;68.0;2.0;59.0
238;13062;2.0;3.0;0.0;1.0;4.0;0.0;7.0
239;13063;36.0;73.0;10.0;48.0;66.0;5.0;63.0
240;13064;1.0;5.0;0.0;3.0;5.0;0.0;2.0
241;13065;6.0;20.0;1.0;6.0;11.0;1.0;7.0
242;13066;8.0;39.0;1.0;5.0;29.0;0.0;8.0
243;13067;11.0;68.0;7.0;25.0;35.0;2.0;39.0
244;13068;3.0;10.0;0.0;2.0;2.0;0.0;5.0
245;13069;58.0;157.0;13.0;89.0;150.0;11.0;145.0
246;13070;9.0;28.0;3.0;11.0;17.0;1.0;10.0
247;13071;0.0;2.0;0.0;0.0;4.0;0.0;1.0
248;13072;0.0;14.0;1.0;7.0;7.0;0.0;6.0
249;13073;6.0;16.0;1.0;7.0;18.0;0.0;12.0
250;13074;8.0;58.0;3.0;19.0;25.0;0.0;34.0
251;13075;9.0;29.0;1.0;22.0;23.0;1.0;18.0
252;13076;82.0;176.0;15.0;86.0;117.0;6.0;127.0
253;13077;115.0;497.0;45.0;131.0;221.0;13.0;189.0
254;13078;2.0;4.0;0.0;2.0;5.0;0.0;2.0
255;13079;2.0;3.0;0.0;1.0;1.0;0.0;1.0
256;13080;2.0;1.0;0.0;4.0;4.0;0.0;3.0
257;13081;21.0;26.0;1.0;30.0;36.0;3.0;29.0
258;13082;9.0;43.0;2.0;16.0;23.0;0.0;17.0
259;13083;16.0;45.0;0.0;17.0;30.0;2.0;30.0
260;13084;16.0;25.0;7.0;18.0;38.0;0.0;25.0
261;14001;2.0;16.0;12.0;13.0;34.0;0.0;2.0
262;14002;12.0;29.0;7.0;17.0;67.0;2.0;5.0
263;14003;16.0;41.0;13.0;25.0;63.0;4.0;4.0
264;14004;2.0;4.0;0.0;1.0;4.0;0.0;3.0
265;14005;2.0;25.0;6.0;10.0;35.0;1.0;1.0
266;14006;25.0;53.0;19.0;42.0;154.0;1.0;15.0
267;14007;7.0;6.0;3.0;7.0;29.0;0.0;6.0
268;14008;41.0;64.0;19.0;58.0;187.0;2.0;17.0
269;14009;9.0;13.0;8.0;17.0;33.0;2.0;6.0
270;14010;3.0;6.0;0.0;6.0;21.0;0.0;2.0
271;14011;4.0;1.0;0.0;1.0;1.0;0.0;0.0
272;14012;10.0;3.0;3.0;3.0;5.0;0.0;7.0
273;14013;21.0;51.0;13.0;34.0;82.0;4.0;12.0
274;14014;3.0;7.0;3.0;5.0;10.0;0.0;2.0
275;14015;51.0;62.0;16.0;51.0;148.0;7.0;6.0
276;14016;8.0;43.0;4.0;21.0;74.0;2.0;2.0
277;14017;16.0;11.0;4.0;11.0;25.0;1.0;2.0
278;14018;19.0;94.0;19.0;44.0;153.0;2.0;17.0
279;14019;3.0;4.0;0.0;1.0;1.0;0.0;0.0
280;14020;32.0;12.0;27.0;7.0;17.0;0.0;0.0
281;14021;11.0;29.0;5.0;10.0;67.0;1.0;4.0
282;14022;103.0;74.0;34.0;40.0;182.0;3.0;19.0
283;14023;87.0;113.0;27.0;63.0;220.0;5.0;37.0
284;14024;16.0;38.0;12.0;16.0;60.0;0.0;3.0
285;14025;8.0;86.0;3.0;13.0;32.0;2.0;3.0
286;14026;4.0;9.0;1.0;3.0;19.0;0.0;2.0
287;14027;5.0;0.0;2.0;0.0;9.0;0.0;2.0
288;14028;2.0;2.0;0.0;2.0;6.0;0.0;1.0
289;14029;4.0;8.0;0.0;4.0;17.0;0.0;0.0
290;14030;131.0;35.0;33.0;43.0;107.0;6.0;11.0
291;14031;1.0;3.0;1.0;0.0;3.0;0.0;0.0
292;14032;3.0;6.0;0.0;2.0;5.0;0.0;0.0
293;14033;9.0;29.0;4.0;14.0;36.0;1.0;4.0
294;14034;3.0;2.0;1.0;0.0;1.0;0.0;0.0
295;14035;22.0;87.0;10.0;22.0;75.0;2.0;7.0
296;14036;12.0;17.0;5.0;16.0;59.0;0.0;4.0
297;14037;18.0;35.0;6.0;20.0;72.0;1.0;8.0
298;14038;7.0;0.0;0.0;1.0;5.0;1.0;0.0
299;14039;1633.0;1587.0;570.0;961.0;3030.0;221.0;766.0
300;14040;2.0;3.0;1.0;0.0;6.0;0.0;1.0
301;14041;3.0;7.0;1.0;4.0;10.0;2.0;1.0
302;14042;9.0;16.0;3.0;8.0;12.0;0.0;0.0
303;14043;40.0;28.0;26.0;16.0;63.0;0.0;7.0
304;14044;12.0;20.0;2.0;19.0;48.0;1.0;0.0
305;14045;12.0;12.0;4.0;9.0;21.0;0.0;1.0
306;14046;15.0;34.0;12.0;16.0;48.0;2.0;7.0
307;14047;16.0;18.0;11.0;18.0;63.0;0.0;4.0
308;14048;8.0;11.0;4.0;7.0;40.0;1.0;1.0
309;14049;3.0;1.0;0.0;2.0;6.0;0.0;1.0
310;14050;30.0;25.0;24.0;33.0;61.0;1.0;13.0
311;14051;4.0;9.0;1.0;6.0;17.0;0.0;0.0
312;14052;4.0;5.0;0.0;6.0;12.0;0.0;0.0
313;14053;59.0;163.0;44.0;81.0;201.0;6.0;48.0
314;14054;2.0;2.0;0.0;4.0;11.0;0.0;0.0
315;14055;7.0;32.0;3.0;10.0;29.0;1.0;3.0
316;14056;2.0;1.0;0.0;0.0;0.0;0.0;0.0
317;14057;4.0;6.0;2.0;4.0;10.0;0.0;1.0
318;14058;17.0;12.0;3.0;13.0;38.0;0.0;8.0
319;14059;26.0;28.0;2.0;16.0;25.0;0.0;13.0
320;14060;2.0;3.0;2.0;1.0;15.0;0.0;0.0
321;14061;7.0;20.0;1.0;1.0;11.0;1.0;1.0
322;14062;3.0;5.0;1.0;2.0;6.0;0.0;2.0
323;14063;36.0;105.0;31.0;64.0;277.0;8.0;37.0
324;14064;13.0;60.0;13.0;22.0;40.0;3.0;3.0
325;14065;2.0;13.0;2.0;4.0;26.0;1.0;8.0
326;14066;22.0;35.0;17.0;20.0;123.0;0.0;4.0
327;14067;502.0;279.0;227.0;208.0;783.0;52.0;77.0
328;14068;9.0;13.0;7.0;8.0;11.0;0.0;0.0
329;14069;4.0;2.0;0.0;1.0;4.0;0.0;1.0
330;14070;60.0;103.0;26.0;91.0;222.0;4.0;32.0
331;14071;1.0;0.0;0.0;0.0;1.0;0.0;1.0
332;14072;4.0;12.0;8.0;4.0;20.0;0.0;2.0
333;14073;36.0;130.0;41.0;51.0;108.0;3.0;22.0
334;14074;6.0;16.0;4.0;10.0;18.0;0.0;4.0
335;14075;3.0;1.0;0.0;4.0;7.0;0.0;0.0
336;14076;2.0;3.0;1.0;2.0;5.0;0.0;1.0
337;14077;5.0;33.0;10.0;19.0;55.0;1.0;4.0
338;14078;25.0;47.0;13.0;16.0;58.0;4.0;10.0
339;14079;0.0;15.0;2.0;7.0;36.0;1.0;5.0
340;14080;9.0;4.0;0.0;0.0;2.0;0.0;1.0
341;14081;3.0;4.0;0.0;2.0;4.0;0.0;0.0
342;14082;22.0;39.0;7.0;29.0;80.0;3.0;21.0
343;14083;29.0;64.0;13.0;61.0;163.0;5.0;19.0
344;14084;23.0;16.0;7.0;11.0;25.0;1.0;3.0
345;14085;17.0;24.0;6.0;15.0;46.0;1.0;12.0
346;14086;23.0;16.0;0.0;9.0;29.0;1.0;1.0
347;14087;3.0;18.0;2.0;10.0;37.0;0.0;5.0
348;14088;14.0;18.0;5.0;11.0;33.0;0.0;1.0
349;14089;2.0;5.0;1.0;0.0;4.0;0.0;0.0
350;14090;5.0;6.0;2.0;7.0;10.0;1.0;2.0
351;14091;8.0;68.0;9.0;15.0;60.0;0.0;6.0
352;14092;3.0;7.0;2.0;3.0;7.0;0.0;1.0
353;14093;86.0;97.0;70.0;76.0;187.0;9.0;17.0
354;14094;42.0;86.0;18.0;42.0;122.0;5.0;12.0
355;14095;2.0;8.0;0.0;7.0;31.0;0.0;5.0
356;14096;6.0;21.0;5.0;6.0;37.0;0.0;4.0
357;14097;148.0;332.0;88.0;269.0;633.0;38.0;89.0
358;14098;201.0;541.0;112.0;341.0;884.0;44.0;164.0
359;14099;1.0;4.0;1.0;4.0;6.0;0.0;3.0
360;14100;23.0;32.0;15.0;32.0;88.0;1.0;5.0
361;14101;100.0;331.0;95.0;236.0;625.0;26.0;114.0
362;14102;5.0;7.0;0.0;5.0;14.0;0.0;0.0
363;14103;6.0;3.0;2.0;7.0;17.0;1.0;5.0
364;14104;1.0;3.0;0.0;1.0;3.0;0.0;0.0
365;14105;7.0;22.0;7.0;11.0;30.0;2.0;4.0
366;14106;0.0;8.0;0.0;1.0;2.0;0.0;0.0
367;14107;6.0;9.0;3.0;4.0;9.0;1.0;3.0
368;14108;18.0;55.0;3.0;21.0;51.0;0.0;7.0
369;14109;2.0;23.0;4.0;10.0;24.0;0.0;3.0
370;14110;14.0;13.0;2.0;13.0;37.0;0.0;1.0
371;14111;3.0;7.0;1.0;8.0;13.0;0.0;0.0
372;14112;3.0;6.0;2.0;4.0;9.0;0.0;4.0
373;14113;4.0;7.0;0.0;3.0;13.0;0.0;3.0
374;14114;6.0;24.0;3.0;13.0;28.0;0.0;6.0
375;14115;4.0;7.0;2.0;2.0;6.0;0.0;2.0
376;14116;15.0;43.0;6.0;14.0;44.0;1.0;10.0
377;14117;3.0;3.0;1.0;2.0;4.0;0.0;1.0
378;14118;12.0;30.0;11.0;16.0;46.0;5.0;1.0
379;14119;13.0;18.0;8.0;13.0;79.0;2.0;6.0
380;14120;885.0;770.0;345.0;704.0;1888.0;192.0;407.0
381;14121;9.0;40.0;3.0;11.0;35.0;1.0;5.0
382;14122;4.0;2.0;1.0;5.0;9.0;0.0;0.0
383;14123;2.0;5.0;2.0;6.0;36.0;0.0;2.0
384;14124;42.0;44.0;19.0;25.0;104.0;2.0;13.0
385;14125;5.0;11.0;3.0;11.0;28.0;0.0;1.0
386;15001;5.0;22.0;4.0;17.0;33.0;0.0;15.0
387;15002;39.0;134.0;13.0;89.0;106.0;4.0;142.0
388;15003;17.0;11.0;1.0;8.0;18.0;0.0;8.0
389;15004;8.0;3.0;0.0;6.0;17.0;0.0;7.0
390;15005;8.0;50.0;4.0;47.0;58.0;1.0;35.0
391;15006;1.0;6.0;0.0;8.0;8.0;0.0;7.0
392;15007;4.0;3.0;2.0;6.0;11.0;0.0;6.0
393;15008;10.0;13.0;0.0;9.0;21.0;2.0;14.0
394;15009;32.0;58.0;6.0;25.0;63.0;1.0;28.0
395;15010;20.0;28.0;5.0;15.0;23.0;2.0;39.0
396;15011;6.0;42.0;1.0;28.0;35.0;0.0;39.0
397;15012;0.0;14.0;1.0;3.0;14.0;0.0;9.0
398;15013;166.0;396.0;43.0;220.0;381.0;37.0;353.0
399;15014;80.0;56.0;12.0;68.0;139.0;6.0;83.0
400;15015;3.0;16.0;0.0;13.0;21.0;0.0;8.0
401;15016;2.0;21.0;1.0;8.0;16.0;0.0;14.0
402;15017;2.0;3.0;0.0;1.0;4.0;0.0;1.0
403;15018;3.0;25.0;4.0;20.0;39.0;0.0;21.0
404;15019;10.0;648.0;4.0;21.0;65.0;0.0;10.0
405;15020;117.0;270.0;29.0;133.0;229.0;31.0;221.0
406;15021;11.0;24.0;5.0;19.0;44.0;0.0;11.0
407;15022;2.0;4.0;0.0;6.0;12.0;0.0;5.0
408;15023;12.0;11.0;3.0;14.0;16.0;1.0;17.0
409;15024;60.0;119.0;16.0;65.0;135.0;9.0;101.0
410;15025;72.0;272.0;26.0;160.0;265.0;16.0;211.0
411;15026;0.0;3.0;0.0;7.0;11.0;0.0;8.0
412;15027;3.0;6.0;1.0;5.0;9.0;0.0;9.0
413;15028;10.0;18.0;2.0;16.0;24.0;0.0;13.0
414;15029;27.0;131.0;14.0;78.0;127.0;6.0;142.0
415;15030;10.0;70.0;1.0;17.0;21.0;0.0;23.0
416;15031;56.0;516.0;65.0;318.0;453.0;14.0;386.0
417;15032;4.0;10.0;3.0;4.0;8.0;0.0;4.0
418;15033;332.0;1726.0;184.0;838.0;1596.0;93.0;1619.0
419;15034;1.0;8.0;0.0;8.0;8.0;0.0;7.0
420;15035;31.0;67.0;8.0;51.0;67.0;11.0;58.0
421;15036;3.0;20.0;3.0;33.0;23.0;1.0;23.0
422;15037;82.0;151.0;15.0;92.0;214.0;21.0;126.0
423;15038;1.0;5.0;2.0;4.0;15.0;0.0;6.0
424;15039;100.0;452.0;45.0;233.0;369.0;24.0;327.0
425;15040;41.0;55.0;9.0;20.0;80.0;4.0;25.0
426;15041;4.0;2.0;0.0;1.0;3.0;0.0;2.0
427;15042;31.0;61.0;10.0;75.0;152.0;5.0;66.0
428;15043;4.0;31.0;7.0;11.0;31.0;0.0;6.0
429;15044;10.0;13.0;1.0;15.0;11.0;0.0;19.0
430;15045;29.0;17.0;6.0;47.0;60.0;1.0;39.0
431;15046;4.0;9.0;1.0;3.0;7.0;0.0;12.0
432;15047;4.0;13.0;0.0;5.0;13.0;0.0;8.0
433;15048;12.0;22.0;4.0;32.0;25.0;2.0;22.0
434;15049;1.0;10.0;1.0;10.0;14.0;0.0;6.0
435;15050;4.0;15.0;2.0;14.0;27.0;0.0;12.0
436;15051;45.0;88.0;13.0;65.0;160.0;16.0;100.0
437;15052;41.0;87.0;54.0;16.0;30.0;1.0;20.0
438;15053;12.0;21.0;4.0;22.0;30.0;3.0;41.0
439;15054;273.0;249.0;40.0;149.0;348.0;42.0;270.0
440;15055;2.0;32.0;2.0;9.0;25.0;0.0;9.0
441;15056;3.0;11.0;0.0;12.0;21.0;1.0;17.0
442;15057;406.0;740.0;92.0;326.0;729.0;76.0;553.0
443;15058;246.0;1161.0;194.0;487.0;1107.0;62.0;862.0
444;15059;6.0;20.0;5.0;13.0;19.0;0.0;21.0
445;15060;89.0;324.0;33.0;263.0;294.0;13.0;246.0
446;15061;4.0;13.0;0.0;4.0;9.0;1.0;7.0
447;15062;44.0;367.0;16.0;45.0;67.0;6.0;51.0
448;15063;7.0;124.0;0.0;9.0;22.0;0.0;5.0
449;15064;17.0;13.0;4.0;9.0;21.0;1.0;5.0
450;15065;13.0;24.0;7.0;13.0;27.0;0.0;28.0
451;15066;3.0;1.0;0.0;1.0;5.0;0.0;0.0
452;15067;6.0;23.0;2.0;27.0;42.0;2.0;22.0
453;15068;4.0;42.0;6.0;16.0;41.0;1.0;14.0
454;15069;3.0;9.0;1.0;7.0;4.0;0.0;4.0
455;15070;59.0;297.0;35.0;149.0;282.0;10.0;215.0
456;15071;8.0;5.0;0.0;6.0;20.0;0.0;7.0
457;15072;2.0;18.0;2.0;7.0;15.0;0.0;4.0
458;15073;4.0;23.0;3.0;17.0;26.0;1.0;14.0
459;15074;11.0;14.0;0.0;31.0;53.0;1.0;29.0
460;15075;19.0;19.0;5.0;10.0;16.0;0.0;24.0
461;15076;43.0;95.0;16.0;68.0;197.0;0.0;108.0
462;15077;2.0;1.0;0.0;1.0;1.0;0.0;2.0
463;15078;4.0;2.0;0.0;1.0;7.0;0.0;1.0
464;15079;7.0;9.0;0.0;8.0;11.0;0.0;4.0
465;15080;6.0;3.0;0.0;3.0;12.0;0.0;10.0
466;15081;110.0;353.0;40.0;248.0;316.0;21.0;349.0
467;15082;36.0;72.0;10.0;30.0;127.0;2.0;52.0
468;15083;1.0;11.0;1.0;6.0;13.0;1.0;8.0
469;15084;4.0;28.0;1.0;21.0;31.0;0.0;38.0
470;15085;16.0;21.0;6.0;25.0;29.0;1.0;9.0
471;15086;6.0;14.0;1.0;8.0;18.0;0.0;2.0
472;15087;7.0;18.0;2.0;34.0;41.0;0.0;25.0
473;15088;40.0;109.0;13.0;47.0;107.0;1.0;69.0
474;15089;4.0;9.0;0.0;5.0;8.0;0.0;8.0
475;15090;25.0;132.0;16.0;58.0;129.0;2.0;43.0
476;15091;9.0;34.0;4.0;35.0;33.0;2.0;43.0
477;15092;66.0;59.0;9.0;42.0;62.0;4.0;50.0
478;15093;4.0;18.0;1.0;13.0;14.0;0.0;16.0
479;15094;23.0;24.0;1.0;8.0;21.0;0.0;20.0
480;15095;92.0;129.0;13.0;60.0;68.0;6.0;97.0
481;15096;16.0;28.0;3.0;27.0;28.0;0.0;28.0
482;15097;6.0;9.0;1.0;4.0;26.0;0.0;8.0
483;15098;3.0;12.0;1.0;2.0;19.0;0.0;1.0
484;15099;183.0;290.0;33.0;157.0;236.0;24.0;214.0
485;15100;3.0;34.0;2.0;31.0;31.0;0.0;50.0
486;15101;29.0;80.0;13.0;36.0;93.0;3.0;43.0
487;15102;0.0;0.0;0.0;2.0;7.0;0.0;2.0
488;15103;11.0;38.0;3.0;22.0;37.0;2.0;28.0
489;15104;457.0;609.0;78.0;276.0;785.0;59.0;565.0
490;15105;5.0;5.0;0.0;2.0;11.0;0.0;4.0
491;15106;483.0;665.0;109.0;560.0;1356.0;79.0;901.0
492;15107;16.0;39.0;7.0;6.0;21.0;0.0;11.0
493;15108;33.0;117.0;10.0;74.0;102.0;5.0;114.0
494;15109;120.0;429.0;41.0;239.0;359.0;21.0;374.0
495;15110;64.0;44.0;13.0;32.0;86.0;2.0;37.0
496;15111;3.0;6.0;1.0;12.0;23.0;1.0;11.0
497;15112;30.0;15.0;4.0;18.0;28.0;1.0;11.0
498;15113;13.0;60.0;5.0;20.0;50.0;0.0;20.0
499;15114;3.0;21.0;0.0;16.0;16.0;1.0;16.0
500;15115;15.0;31.0;13.0;43.0;59.0;2.0;23.0
501;15116;2.0;4.0;2.0;3.0;10.0;0.0;2.0
502;15117;3.0;8.0;0.0;3.0;13.0;1.0;4.0
503;15118;29.0;101.0;51.0;102.0;173.0;5.0;89.0
504;15119;3.0;15.0;1.0;1.0;7.0;1.0;7.0
505;15120;43.0;131.0;17.0;107.0;108.0;10.0;104.0
506;15121;227.0;428.0;49.0;226.0;495.0;59.0;511.0
507;15122;47.0;394.0;32.0;222.0;340.0;23.0;239.0
508;15123;6.0;31.0;1.0;13.0;14.0;1.0;5.0
509;15124;2.0;6.0;1.0;9.0;8.0;1.0;8.0
510;15125;1.0;11.0;0.0;7.0;10.0;1.0;6.0
511;16001;2.0;6.0;4.0;15.0;31.0;0.0;2.0
512;16002;8.0;43.0;0.0;11.0;24.0;0.0;2.0
513;16003;5.0;10.0;2.0;10.0;9.0;1.0;5.0
514;16004;4.0;9.0;4.0;9.0;23.0;0.0;1.0
515;16005;4.0;9.0;1.0;5.0;8.0;0.0;5.0
516;16006;33.0;501.0;39.0;70.0;273.0;2.0;46.0
517;16007;1.0;1.0;0.0;2.0;8.0;0.0;1.0
518;16008;6.0;8.0;0.0;2.0;6.0;0.0;3.0
519;16009;7.0;79.0;12.0;16.0;63.0;1.0;20.0
520;16010;5.0;42.0;8.0;10.0;37.0;0.0;10.0
521;16011;10.0;13.0;0.0;6.0;30.0;0.0;5.0
522;16012;9.0;154.0;12.0;29.0;65.0;3.0;18.0
523;16013;6.0;7.0;1.0;4.0;5.0;0.0;1.0
524;16014;6.0;22.0;3.0;14.0;33.0;0.0;3.0
525;16015;6.0;19.0;7.0;12.0;19.0;0.0;3.0
526;16016;5.0;2.0;4.0;5.0;10.0;0.0;2.0
527;16017;8.0;10.0;1.0;3.0;17.0;0.0;2.0
528;16018;0.0;4.0;0.0;5.0;8.0;1.0;4.0
529;16019;9.0;47.0;1.0;9.0;25.0;0.0;5.0
530;16020;18.0;66.0;6.0;19.0;30.0;0.0;3.0
531;16021;2.0;19.0;1.0;10.0;19.0;0.0;1.0
532;16022;5.0;6.0;0.0;8.0;13.0;1.0;2.0
533;16023;3.0;11.0;1.0;5.0;18.0;0.0;2.0
534;16024;5.0;43.0;9.0;19.0;68.0;0.0;10.0
535;16025;6.0;66.0;9.0;19.0;59.0;0.0;8.0
536;16026;0.0;2.0;0.0;0.0;7.0;0.0;1.0
537;16027;0.0;0.0;1.0;2.0;0.0;0.0;3.0
538;16028;2.0;4.0;5.0;5.0;11.0;0.0;0.0
539;16029;2.0;43.0;7.0;4.0;18.0;0.0;4.0
540;16030;7.0;24.0;5.0;10.0;20.0;2.0;2.0
541;16031;2.0;5.0;0.0;1.0;14.0;0.0;7.0
542;16032;2.0;13.0;1.0;6.0;10.0;1.0;5.0
543;16033;2.0;49.0;6.0;10.0;24.0;0.0;6.0
544;16034;54.0;161.0;20.0;94.0;203.0;18.0;55.0
545;16035;10.0;115.0;11.0;16.0;48.0;1.0;14.0
546;16036;4.0;12.0;2.0;11.0;14.0;2.0;3.0
547;16037;3.0;6.0;2.0;4.0;8.0;0.0;0.0
548;16038;38.0;98.0;3.0;15.0;31.0;3.0;23.0
549;16039;1.0;12.0;1.0;4.0;8.0;0.0;6.0
550;16040;7.0;40.0;1.0;17.0;17.0;1.0;7.0
551;16041;4.0;11.0;1.0;9.0;26.0;1.0;3.0
552;16042;8.0;20.0;2.0;12.0;22.0;0.0;1.0
553;16043;21.0;161.0;11.0;42.0;132.0;0.0;20.0
554;16044;1.0;9.0;3.0;7.0;17.0;0.0;2.0
555;16045;25.0;55.0;5.0;19.0;97.0;0.0;31.0
556;16046;2.0;8.0;1.0;3.0;15.0;0.0;7.0
557;16047;5.0;13.0;1.0;3.0;12.0;0.0;3.0
558;16048;1.0;5.0;1.0;5.0;3.0;0.0;2.0
559;16049;3.0;9.0;6.0;11.0;34.0;0.0;4.0
560;16050;25.0;77.0;9.0;40.0;86.0;6.0;65.0
561;16051;9.0;28.0;1.0;14.0;38.0;4.0;3.0
562;16052;115.0;389.0;126.0;126.0;287.0;10.0;155.0
563;16053;536.0;1076.0;176.0;686.0;1394.0;108.0;730.0
564;16054;2.0;7.0;0.0;5.0;7.0;0.0;0.0
565;16055;11.0;188.0;24.0;25.0;86.0;3.0;24.0
566;16056;2.0;19.0;5.0;19.0;27.0;0.0;12.0
567;16057;7.0;13.0;1.0;0.0;3.0;0.0;3.0
568;16058;16.0;73.0;12.0;19.0;66.0;1.0;22.0
569;16059;0.0;5.0;3.0;2.0;11.0;0.0;2.0
570;16060;1.0;13.0;4.0;9.0;18.0;0.0;3.0
571;16061;2.0;12.0;0.0;9.0;26.0;0.0;7.0
572;16062;2.0;42.0;1.0;11.0;37.0;0.0;11.0
573;16063;7.0;6.0;4.0;6.0;10.0;0.0;0.0
574;16064;2.0;57.0;10.0;14.0;38.0;0.0;9.0
575;16065;10.0;109.0;14.0;31.0;73.0;1.0;30.0
576;16066;105.0;120.0;22.0;75.0;117.0;4.0;45.0
577;16067;5.0;10.0;3.0;7.0;6.0;0.0;2.0
578;16068;6.0;19.0;2.0;12.0;48.0;0.0;6.0
579;16069;55.0;106.0;18.0;63.0;162.0;5.0;25.0
580;16070;5.0;19.0;6.0;13.0;40.0;0.0;5.0
581;16071;16.0;60.0;9.0;28.0;78.0;2.0;7.0
582;16072;5.0;11.0;4.0;15.0;32.0;0.0;4.0
583;16073;6.0;73.0;9.0;18.0;46.0;1.0;21.0
584;16074;4.0;9.0;0.0;5.0;22.0;0.0;3.0
585;16075;29.0;131.0;13.0;42.0;151.0;5.0;31.0
586;16076;43.0;130.0;10.0;29.0;231.0;6.0;60.0
587;16077;13.0;39.0;3.0;5.0;8.0;0.0;4.0
588;16078;4.0;23.0;4.0;15.0;20.0;0.0;5.0
589;16079;19.0;55.0;17.0;26.0;63.0;1.0;20.0
590;16080;2.0;3.0;2.0;3.0;13.0;0.0;2.0
591;16081;2.0;2.0;0.0;0.0;1.0;0.0;1.0
592;16082;21.0;145.0;16.0;39.0;145.0;2.0;26.0
593;16083;13.0;19.0;3.0;11.0;38.0;1.0;7.0
594;16084;4.0;68.0;3.0;13.0;30.0;0.0;8.0
595;16085;9.0;44.0;10.0;24.0;54.0;0.0;12.0
596;16086;4.0;17.0;1.0;8.0;23.0;0.0;5.0
597;16087;1.0;21.0;4.0;9.0;23.0;0.0;6.0
598;16088;9.0;68.0;8.0;45.0;50.0;0.0;16.0
599;16089;14.0;101.0;7.0;19.0;34.0;1.0;5.0
600;16090;3.0;67.0;7.0;24.0;42.0;0.0;13.0
601;16091;6.0;24.0;3.0;4.0;14.0;0.0;5.0
602;16092;7.0;9.0;1.0;4.0;9.0;1.0;3.0
603;16093;12.0;5.0;0.0;6.0;15.0;3.0;11.0
604;16094;3.0;3.0;1.0;4.0;1.0;0.0;1.0
605;16095;5.0;29.0;1.0;4.0;23.0;0.0;4.0
606;16096;5.0;7.0;0.0;0.0;0.0;0.0;1.0
607;16097;7.0;53.0;6.0;15.0;47.0;1.0;16.0
608;16098;6.0;20.0;2.0;22.0;35.0;0.0;10.0
609;16099;11.0;15.0;0.0;8.0;25.0;1.0;3.0
610;16100;5.0;16.0;2.0;5.0;5.0;0.0;5.0
611;16101;3.0;2.0;0.0;1.0;3.0;0.0;2.0
612;16102;167.0;867.0;101.0;349.0;652.0;22.0;291.0
613;16103;14.0;38.0;2.0;12.0;73.0;1.0;7.0
614;16104;6.0;14.0;1.0;5.0;16.0;0.0;2.0
615;16105;5.0;44.0;4.0;5.0;32.0;1.0;5.0
616;16106;19.0;69.0;5.0;16.0;101.0;1.0;19.0
617;16107;38.0;110.0;37.0;63.0;143.0;5.0;36.0
618;16108;103.0;339.0;50.0;134.0;486.0;13.0;90.0
619;16109;1.0;2.0;1.0;3.0;2.0;0.0;1.0
620;16110;13.0;53.0;12.0;26.0;63.0;4.0;8.0
621;16111;4.0;38.0;7.0;12.0;21.0;1.0;3.0
622;16112;84.0;216.0;17.0;105.0;237.0;11.0;104.0
623;16113;4.0;41.0;8.0;17.0;32.0;2.0;6.0
624;17001;10.0;28.0;1.0;4.0;19.0;0.0;12.0
625;17002;17.0;31.0;4.0;16.0;28.0;4.0;17.0
626;17003;19.0;122.0;4.0;35.0;64.0;7.0;38.0
627;17004;14.0;159.0;6.0;43.0;153.0;3.0;33.0
628;17005;3.0;14.0;0.0;5.0;9.0;0.0;4.0
629;17006;155.0;586.0;53.0;155.0;573.0;28.0;260.0
630;17007;443.0;708.0;61.0;303.0;622.0;71.0;381.0
631;17008;37.0;136.0;11.0;54.0;88.0;5.0;87.0
632;17009;50.0;103.0;3.0;18.0;24.0;1.0;4.0
633;17010;7.0;31.0;2.0;14.0;39.0;3.0;20.0
634;17011;56.0;353.0;23.0;118.0;203.0;24.0;215.0
635;17012;76.0;180.0;16.0;41.0;96.0;9.0;86.0
636;17013;5.0;52.0;0.0;14.0;29.0;0.0;4.0
637;17014;2.0;36.0;0.0;4.0;15.0;0.0;11.0
638;17015;5.0;25.0;1.0;17.0;25.0;0.0;11.0
639;17016;2.0;20.0;1.0;6.0;17.0;0.0;9.0
640;17017;28.0;114.0;2.0;28.0;64.0;1.0;35.0
641;17018;30.0;184.0;17.0;81.0;147.0;8.0;109.0
642;17019;14.0;61.0;1.0;12.0;64.0;7.0;14.0
643;17020;72.0;109.0;3.0;30.0;50.0;2.0;12.0
644;17021;1.0;22.0;1.0;2.0;18.0;0.0;7.0
645;17022;11.0;30.0;2.0;15.0;57.0;3.0;8.0
646;17023;1.0;3.0;0.0;3.0;4.0;0.0;1.0
647;17024;10.0;116.0;6.0;30.0;49.0;1.0;31.0
648;17025;8.0;78.0;0.0;14.0;28.0;0.0;18.0
649;17026;27.0;55.0;2.0;9.0;16.0;0.0;8.0
650;17027;0.0;7.0;1.0;7.0;21.0;0.0;3.0
651;17028;43.0;112.0;12.0;60.0;99.0;3.0;56.0
652;17029;87.0;285.0;14.0;74.0;201.0;7.0;115.0
653;17030;33.0;68.0;2.0;34.0;92.0;3.0;26.0
654;17031;16.0;131.0;10.0;30.0;74.0;0.0;45.0
655;17032;4.0;15.0;1.0;5.0;24.0;0.0;7.0
656;17033;1.0;20.0;0.0;14.0;31.0;1.0;1.0
657;17034;3.0;9.0;3.0;4.0;10.0;0.0;3.0
658;17035;9.0;24.0;1.0;9.0;12.0;0.0;7.0
659;18001;20.0;89.0;14.0;25.0;51.0;4.0;11.0
660;18002;11.0;13.0;4.0;12.0;21.0;0.0;4.0
661;18003;12.0;4.0;5.0;6.0;18.0;0.0;4.0
662;18004;141.0;197.0;105.0;122.0;237.0;6.0;45.0
663;18005;3.0;6.0;4.0;4.0;9.0;0.0;2.0
664;18006;26.0;49.0;23.0;31.0;77.0;4.0;9.0
665;18007;14.0;30.0;2.0;8.0;12.0;0.0;6.0
666;18008;11.0;88.0;43.0;74.0;138.0;7.0;37.0
667;18009;3.0;3.0;3.0;5.0;13.0;0.0;2.0
668;18010;10.0;52.0;10.0;11.0;35.0;1.0;6.0
669;18011;11.0;86.0;14.0;19.0;27.0;1.0;9.0
670;18012;82.0;97.0;133.0;63.0;119.0;5.0;18.0
671;18013;4.0;5.0;1.0;10.0;11.0;0.0;3.0
672;18014;6.0;14.0;22.0;9.0;15.0;0.0;6.0
673;18015;56.0;259.0;129.0;106.0;304.0;2.0;27.0
674;18016;14.0;110.0;22.0;37.0;62.0;2.0;24.0
675;18017;324.0;805.0;365.0;489.0;1258.0;64.0;251.0
676;18018;20.0;122.0;38.0;40.0;98.0;3.0;14.0
677;18019;1.0;1.0;2.0;3.0;14.0;0.0;3.0
678;18020;270.0;238.0;141.0;199.0;402.0;19.0;92.0
679;19001;0.0;0.0;0.0;1.0;0.0;0.0;1.0
680;19002;4.0;0.0;0.0;2.0;1.0;0.0;0.0
681;19003;1.0;0.0;0.0;1.0;1.0;0.0;0.0
682;19004;24.0;10.0;3.0;30.0;53.0;2.0;5.0
683;19005;13.0;3.0;3.0;12.0;31.0;0.0;2.0
684;19006;171.0;267.0;58.0;334.0;557.0;55.0;52.0
685;19007;5.0;6.0;1.0;9.0;8.0;0.0;3.0
686;19008;2.0;0.0;0.0;10.0;1.0;0.0;4.0
687;19009;34.0;63.0;16.0;66.0;191.0;7.0;12.0
688;19010;9.0;7.0;3.0;12.0;10.0;0.0;2.0
689;19011;5.0;3.0;1.0;9.0;17.0;1.0;0.0
690;19012;9.0;15.0;4.0;38.0;41.0;1.0;2.0
691;19013;4.0;2.0;2.0;7.0;17.0;0.0;2.0
692;19014;12.0;15.0;1.0;23.0;26.0;2.0;3.0
693;19015;1.0;0.0;0.0;1.0;1.0;0.0;0.0
694;19016;2.0;1.0;0.0;0.0;0.0;0.0;0.0
695;19017;20.0;6.0;5.0;19.0;17.0;1.0;2.0
696;19018;30.0;65.0;15.0;135.0;167.0;11.0;12.0
697;19019;289.0;38.0;21.0;64.0;131.0;45.0;30.0
698;19020;6.0;0.0;1.0;5.0;12.0;0.0;0.0
699;19021;99.0;188.0;41.0;263.0;481.0;44.0;56.0
700;19022;6.0;4.0;4.0;15.0;25.0;1.0;1.0
701;19023;0.0;0.0;0.0;0.0;1.0;0.0;0.0
702;19024;4.0;1.0;0.0;5.0;3.0;0.0;0.0
703;19025;15.0;18.0;2.0;32.0;22.0;3.0;5.0
704;19026;209.0;355.0;98.0;479.0;893.0;100.0;122.0
705;19027;1.0;0.0;0.0;0.0;5.0;0.0;0.0
706;19028;0.0;0.0;0.0;1.0;1.0;0.0;0.0
707;19029;5.0;2.0;0.0;4.0;15.0;1.0;2.0
708;19030;3.0;1.0;0.0;0.0;0.0;0.0;2.0
709;19031;29.0;134.0;32.0;205.0;279.0;20.0;23.0
710;19032;3.0;1.0;0.0;1.0;3.0;1.0;0.0
711;19033;39.0;31.0;6.0;38.0;143.0;2.0;7.0
712;19034;2.0;2.0;1.0;3.0;1.0;1.0;0.0
713;19035;1.0;0.0;0.0;0.0;0.0;0.0;0.0
714;19036;1.0;0.0;0.0;0.0;1.0;0.0;0.0
715;19037;5.0;0.0;0.0;6.0;2.0;0.0;0.0
716;19038;33.0;15.0;7.0;29.0;63.0;1.0;8.0
717;19039;1111.0;643.0;229.0;784.0;1862.0;280.0;334.0
718;19040;3.0;0.0;0.0;1.0;0.0;0.0;0.0
719;19041;6.0;6.0;3.0;37.0;28.0;2.0;2.0
720;19042;3.0;0.0;0.0;2.0;3.0;0.0;0.0
721;19043;2.0;0.0;0.0;1.0;0.0;0.0;0.0
722;19044;30.0;13.0;10.0;35.0;63.0;6.0;3.0
723;19045;10.0;10.0;3.0;21.0;16.0;0.0;5.0
724;19046;211.0;218.0;63.0;328.0;597.0;83.0;85.0
725;19047;11.0;4.0;1.0;17.0;16.0;0.0;3.0
726;19048;70.0;98.0;21.0;146.0;262.0;48.0;42.0
727;19049;57.0;26.0;33.0;38.0;52.0;4.0;4.0
728;19050;2.0;0.0;0.0;1.0;1.0;0.0;0.0
729;19051;4.0;1.0;2.0;10.0;7.0;0.0;4.0
730;20001;0.0;0.0;0.0;0.0;1.0;0.0;1.0
731;20002;10.0;68.0;3.0;37.0;73.0;0.0;26.0
732;20003;0.0;0.0;0.0;0.0;0.0;0.0;4.0
733;20004;2.0;1.0;0.0;0.0;1.0;1.0;1.0
734;20005;11.0;26.0;1.0;4.0;7.0;0.0;18.0
735;20006;39.0;55.0;11.0;21.0;75.0;1.0;22.0
736;20007;0.0;3.0;0.0;0.0;0.0;0.0;1.0
737;20008;0.0;2.0;0.0;1.0;1.0;0.0;0.0
738;20009;6.0;4.0;0.0;6.0;17.0;0.0;0.0
739;2001;391.0;292.0;142.0;325.0;414.0;77.0;82.0
740;20010;21.0;23.0;1.0;8.0;13.0;0.0;1.0
741;20011;1.0;1.0;0.0;0.0;0.0;0.0;1.0
742;20012;11.0;3.0;0.0;1.0;14.0;0.0;12.0
743;20013;3.0;8.0;2.0;10.0;8.0;0.0;3.0
744;20014;17.0;133.0;7.0;23.0;43.0;0.0;121.0
745;20015;0.0;0.0;0.0;0.0;3.0;0.0;1.0
746;20016;4.0;5.0;0.0;3.0;6.0;0.0;9.0
747;20017;0.0;3.0;0.0;0.0;0.0;0.0;0.0
748;20018;1.0;0.0;0.0;0.0;0.0;0.0;0.0
749;20019;0.0;1.0;0.0;1.0;1.0;0.0;2.0
750;2002;624.0;476.0;248.0;472.0;857.0;136.0;98.0
751;20020;1.0;2.0;0.0;1.0;4.0;0.0;1.0
752;20021;8.0;65.0;1.0;10.0;30.0;0.0;10.0
753;20022;0.0;0.0;0.0;0.0;0.0;0.0;1.0
754;20023;11.0;26.0;4.0;15.0;19.0;1.0;6.0
755;20024;1.0;0.0;0.0;0.0;0.0;0.0;5.0
756;20025;6.0;66.0;2.0;6.0;17.0;0.0;11.0
757;20026;9.0;22.0;2.0;8.0;20.0;0.0;5.0
758;20027;0.0;0.0;0.0;1.0;0.0;0.0;1.0
759;20028;16.0;27.0;2.0;12.0;19.0;0.0;5.0
760;20029;3.0;0.0;2.0;0.0;1.0;0.0;0.0
761;2003;67.0;49.0;26.0;51.0;86.0;8.0;11.0
762;20030;6.0;32.0;0.0;9.0;9.0;0.0;13.0
763;20031;1.0;2.0;0.0;3.0;12.0;0.0;6.0
764;20032;0.0;0.0;0.0;0.0;1.0;0.0;1.0
765;20033;1.0;3.0;0.0;0.0;5.0;0.0;7.0
766;20034;1.0;0.0;0.0;0.0;1.0;0.0;1.0
767;20035;4.0;1.0;0.0;0.0;2.0;0.0;3.0
768;20036;0.0;3.0;0.0;0.0;0.0;0.0;1.0
769;20037;3.0;0.0;0.0;0.0;1.0;0.0;1.0
770;20038;2.0;1.0;0.0;0.0;4.0;0.0;1.0
771;20039;135.0;207.0;16.0;68.0;107.0;11.0;102.0
772;2004;1213.0;681.0;345.0;713.0;929.0;275.0;180.0
773;20040;0.0;2.0;0.0;0.0;1.0;0.0;0.0
774;20041;27.0;41.0;6.0;20.0;44.0;0.0;12.0
775;20042;8.0;6.0;2.0;8.0;12.0;2.0;14.0
776;20043;53.0;502.0;130.0;74.0;158.0;9.0;249.0
777;20044;25.0;148.0;4.0;36.0;71.0;0.0;34.0
778;20045;2.0;4.0;1.0;4.0;4.0;0.0;6.0
779;20046;3.0;3.0;0.0;2.0;4.0;2.0;3.0
780;20049;0.0;1.0;0.0;0.0;2.0;0.0;3.0
781;2005;120.0;104.0;107.0;76.0;91.0;18.0;19.0
782;20050;1.0;2.0;0.0;0.0;0.0;0.0;3.0
783;20051;0.0;1.0;0.0;2.0;5.0;0.0;1.0
784;20052;0.0;14.0;1.0;5.0;4.0;0.0;13.0
785;20053;1.0;7.0;1.0;0.0;0.0;0.0;8.0
786;20055;2.0;1.0;0.0;5.0;7.0;0.0;6.0
787;20056;2.0;4.0;0.0;0.0;2.0;0.0;1.0
788;20057;38.0;142.0;13.0;35.0;45.0;1.0;41.0
789;20058;2.0;3.0;1.0;1.0;5.0;0.0;1.0
790;20059;59.0;63.0;7.0;38.0;79.0;3.0;76.0
791;20060;0.0;0.0;0.0;0.0;0.0;0.0;1.0
792;20061;4.0;0.0;0.0;0.0;1.0;0.0;4.0
793;20062;1.0;0.0;0.0;1.0;0.0;0.0;0.0
794;20063;0.0;13.0;1.0;6.0;8.0;1.0;5.0
795;20064;0.0;3.0;0.0;1.0;3.0;0.0;5.0
796;20065;0.0;0.0;0.0;2.0;2.0;0.0;1.0
797;20066;4.0;17.0;1.0;5.0;11.0;0.0;3.0
798;20067;727.0;585.0;123.0;251.0;635.0;49.0;503.0
799;20068;18.0;30.0;1.0;21.0;29.0;0.0;37.0
800;20069;0.0;1.0;0.0;0.0;1.0;0.0;0.0
801;20070;4.0;1.0;0.0;4.0;4.0;0.0;3.0
802;20071;14.0;2.0;0.0;0.0;0.0;0.0;1.0
803;20072;0.0;1.0;0.0;1.0;4.0;0.0;5.0
804;20073;42.0;25.0;5.0;24.0;81.0;1.0;26.0
805;20074;1.0;0.0;0.0;0.0;0.0;0.0;1.0
806;20075;2.0;28.0;5.0;1.0;5.0;1.0;4.0
807;20076;0.0;3.0;0.0;0.0;3.0;1.0;2.0
808;20077;0.0;9.0;2.0;2.0;2.0;0.0;0.0
809;20078;0.0;3.0;0.0;2.0;2.0;0.0;0.0
810;20079;97.0;313.0;49.0;43.0;138.0;8.0;102.0
811;20080;0.0;3.0;0.0;0.0;1.0;0.0;0.0
812;20081;2.0;0.0;0.0;0.0;3.0;0.0;1.0
813;20082;2.0;7.0;0.0;1.0;3.0;0.0;1.0
814;20083;8.0;30.0;3.0;10.0;21.0;0.0;10.0
815;20084;6.0;8.0;0.0;2.0;3.0;0.0;8.0
816;20085;4.0;1.0;0.0;1.0;9.0;0.0;8.0
817;20086;0.0;0.0;0.0;2.0;4.0;0.0;4.0
818;20087;13.0;29.0;3.0;4.0;13.0;0.0;13.0
819;20088;0.0;0.0;0.0;0.0;3.0;0.0;0.0
820;20089;0.0;0.0;0.0;0.0;1.0;0.0;2.0
821;20090;5.0;10.0;0.0;7.0;8.0;0.0;3.0
822;20091;6.0;11.0;1.0;4.0;6.0;0.0;12.0
823;20092;0.0;0.0;0.0;0.0;0.0;0.0;1.0
824;20094;0.0;0.0;0.0;0.0;5.0;0.0;0.0
825;20095;3.0;1.0;0.0;0.0;2.0;0.0;0.0
826;20096;2.0;2.0;0.0;0.0;1.0;1.0;0.0
827;20097;2.0;0.0;0.0;0.0;0.0;0.0;1.0
828;20098;0.0;0.0;0.0;1.0;1.0;0.0;2.0
829;20099;0.0;0.0;0.0;0.0;0.0;0.0;1.0
830;20100;0.0;1.0;0.0;0.0;0.0;0.0;1.0
831;20101;0.0;1.0;0.0;0.0;1.0;0.0;0.0
832;20102;1.0;2.0;1.0;3.0;3.0;0.0;1.0
833;20103;2.0;8.0;1.0;2.0;5.0;0.0;7.0
834;20104;0.0;3.0;0.0;3.0;5.0;0.0;2.0
835;20105;0.0;0.0;0.0;0.0;0.0;0.0;1.0
836;20107;19.0;35.0;4.0;13.0;26.0;1.0;19.0
837;20108;4.0;2.0;0.0;0.0;2.0;0.0;0.0
838;20109;0.0;2.0;0.0;0.0;1.0;0.0;0.0
839;20110;0.0;0.0;0.0;0.0;0.0;0.0;1.0
840;20111;1.0;1.0;0.0;1.0;3.0;0.0;0.0
841;20112;3.0;2.0;1.0;4.0;1.0;0.0;0.0
842;20113;4.0;0.0;0.0;2.0;2.0;0.0;0.0
843;20115;32.0;14.0;5.0;8.0;16.0;0.0;14.0
844;20116;1.0;0.0;0.0;0.0;4.0;0.0;0.0
845;20117;1.0;1.0;0.0;0.0;2.0;0.0;3.0
846;20118;0.0;0.0;0.0;6.0;2.0;0.0;2.0
847;20119;1.0;0.0;0.0;0.0;0.0;0.0;0.0
848;20120;2.0;0.0;0.0;1.0;0.0;0.0;2.0
849;20121;0.0;0.0;0.0;0.0;0.0;0.0;1.0
850;20122;0.0;3.0;0.0;0.0;0.0;0.0;2.0
851;20123;0.0;0.0;0.0;2.0;3.0;1.0;1.0
852;20124;0.0;110.0;3.0;8.0;15.0;1.0;57.0
853;20125;1.0;1.0;0.0;0.0;2.0;0.0;1.0
854;20126;3.0;0.0;0.0;2.0;4.0;0.0;2.0
855;20128;0.0;1.0;0.0;0.0;2.0;0.0;3.0
856;20129;1.0;0.0;0.0;0.0;2.0;0.0;0.0
857;20130;0.0;5.0;0.0;1.0;0.0;0.0;5.0
858;20131;1.0;3.0;1.0;9.0;5.0;0.0;5.0
859;20132;0.0;1.0;0.0;0.0;2.0;0.0;1.0
860;20133;1.0;0.0;0.0;0.0;0.0;0.0;3.0
861;20134;2.0;6.0;0.0;9.0;20.0;0.0;6.0
862;20135;0.0;3.0;0.0;3.0;10.0;0.0;1.0
863;20136;3.0;5.0;0.0;10.0;13.0;0.0;0.0
864;20137;1.0;2.0;0.0;0.0;1.0;0.0;1.0
865;20138;0.0;0.0;0.0;0.0;0.0;0.0;1.0
866;20139;1.0;0.0;0.0;0.0;0.0;0.0;1.0
867;20141;1.0;15.0;17.0;12.0;7.0;0.0;31.0
868;20143;3.0;23.0;4.0;7.0;7.0;0.0;23.0
869;20144;0.0;0.0;0.0;0.0;1.0;0.0;0.0
870;20145;9.0;6.0;3.0;5.0;8.0;0.0;8.0
871;20146;1.0;0.0;0.0;0.0;1.0;0.0;0.0
872;20148;0.0;0.0;0.0;0.0;0.0;0.0;1.0
873;20149;0.0;4.0;0.0;0.0;1.0;0.0;1.0
874;20150;7.0;12.0;6.0;15.0;16.0;0.0;11.0
875;20152;2.0;0.0;0.0;0.0;0.0;0.0;1.0
876;20153;5.0;6.0;1.0;1.0;14.0;1.0;3.0
877;20154;0.0;0.0;0.0;0.0;1.0;0.0;2.0
878;20155;1.0;1.0;0.0;0.0;0.0;0.0;3.0
879;20156;3.0;4.0;0.0;2.0;3.0;1.0;6.0
880;20157;23.0;26.0;3.0;10.0;30.0;0.0;37.0
881;20158;0.0;1.0;0.0;0.0;0.0;0.0;3.0
882;20159;2.0;3.0;0.0;1.0;1.0;0.0;1.0
883;20160;0.0;2.0;0.0;1.0;2.0;0.0;5.0
884;20162;0.0;1.0;0.0;0.0;0.0;0.0;1.0
885;20163;1.0;2.0;0.0;1.0;2.0;0.0;2.0
886;20164;0.0;1.0;0.0;3.0;2.0;0.0;1.0
887;20165;0.0;1.0;0.0;1.0;0.0;0.0;1.0
888;20166;0.0;11.0;0.0;10.0;8.0;0.0;4.0
889;20167;0.0;0.0;0.0;0.0;1.0;0.0;0.0
890;20168;2.0;0.0;0.0;0.0;0.0;0.0;2.0
891;20169;0.0;3.0;0.0;1.0;2.0;0.0;0.0
892;20170;2.0;0.0;0.0;1.0;2.0;0.0;2.0
893;20171;0.0;1.0;0.0;4.0;12.0;0.0;10.0
894;20173;1.0;1.0;0.0;0.0;0.0;0.0;1.0
895;20174;4.0;9.0;2.0;6.0;11.0;0.0;3.0
896;20175;1.0;1.0;0.0;0.0;0.0;0.0;1.0
897;20176;4.0;3.0;0.0;0.0;1.0;0.0;4.0
898;20177;10.0;19.0;2.0;4.0;17.0;0.0;7.0
899;20178;0.0;0.0;0.0;0.0;1.0;0.0;0.0
900;20179;1.0;1.0;0.0;0.0;3.0;0.0;3.0
901;20180;1.0;2.0;0.0;0.0;2.0;0.0;0.0
902;20181;1.0;1.0;0.0;0.0;0.0;0.0;1.0
903;20182;1.0;0.0;0.0;1.0;0.0;0.0;0.0
904;20183;1.0;0.0;0.0;0.0;1.0;0.0;0.0
905;20184;101.0;391.0;19.0;127.0;263.0;7.0;144.0
906;20185;3.0;4.0;0.0;4.0;5.0;0.0;13.0
907;20186;0.0;0.0;0.0;0.0;2.0;0.0;2.0
908;20187;1.0;1.0;0.0;0.0;0.0;0.0;0.0
909;20188;1.0;0.0;0.0;1.0;2.0;0.0;1.0
910;20189;2.0;0.0;0.0;0.0;1.0;0.0;1.0
911;20190;13.0;19.0;0.0;7.0;16.0;1.0;5.0
912;20192;3.0;2.0;1.0;0.0;2.0;0.0;1.0
913;20193;0.0;2.0;0.0;0.0;2.0;0.0;2.0
914;20194;1.0;1.0;0.0;0.0;2.0;0.0;2.0
915;20195;0.0;0.0;0.0;0.0;1.0;0.0;1.0
916;20196;0.0;0.0;0.0;0.0;2.0;0.0;1.0
917;20197;3.0;6.0;1.0;1.0;6.0;1.0;12.0
918;20198;6.0;22.0;0.0;6.0;9.0;0.0;5.0
919;20199;0.0;0.0;0.0;0.0;1.0;0.0;1.0
920;20200;2.0;1.0;0.0;0.0;2.0;0.0;1.0
921;20201;2.0;0.0;0.0;0.0;0.0;0.0;1.0
922;20202;16.0;5.0;0.0;2.0;8.0;0.0;9.0
923;20203;1.0;0.0;0.0;1.0;0.0;0.0;1.0
924;20205;0.0;1.0;0.0;0.0;0.0;0.0;0.0
925;20206;1.0;1.0;0.0;0.0;0.0;0.0;0.0
926;20207;0.0;5.0;0.0;1.0;4.0;0.0;0.0
927;20208;4.0;10.0;5.0;4.0;9.0;1.0;2.0
928;20209;0.0;0.0;0.0;0.0;1.0;0.0;1.0
929;20210;1.0;0.0;0.0;1.0;5.0;0.0;3.0
930;20211;1.0;0.0;0.0;0.0;1.0;0.0;0.0
931;20213;2.0;2.0;0.0;1.0;2.0;0.0;2.0
932;20214;1.0;0.0;0.0;1.0;2.0;0.0;1.0
933;20216;1.0;0.0;0.0;0.0;1.0;0.0;1.0
934;20217;1.0;0.0;0.0;0.0;1.0;0.0;0.0
935;20218;0.0;0.0;0.0;0.0;1.0;0.0;2.0
936;20219;0.0;0.0;0.0;3.0;2.0;0.0;2.0
937;20220;1.0;0.0;0.0;0.0;0.0;0.0;1.0
938;20221;0.0;0.0;0.0;0.0;1.0;0.0;0.0
939;20222;0.0;1.0;0.0;0.0;0.0;0.0;1.0
940;20223;0.0;0.0;0.0;0.0;0.0;0.0;2.0
941;20224;0.0;1.0;0.0;0.0;0.0;0.0;2.0
942;20225;0.0;1.0;0.0;0.0;1.0;0.0;1.0
943;20226;1.0;4.0;0.0;1.0;2.0;0.0;2.0
944;20227;16.0;19.0;8.0;15.0;29.0;1.0;20.0
945;20228;1.0;0.0;0.0;0.0;0.0;0.0;1.0
946;20229;2.0;1.0;0.0;0.0;2.0;0.0;2.0
947;20230;0.0;1.0;0.0;0.0;0.0;0.0;2.0
948;20231;0.0;0.0;0.0;0.0;1.0;0.0;1.0
949;20232;2.0;8.0;0.0;6.0;14.0;0.0;8.0
950;20233;0.0;0.0;0.0;1.0;5.0;0.0;0.0
951;20234;0.0;0.0;0.0;0.0;2.0;0.0;1.0
952;20235;1.0;0.0;0.0;0.0;0.0;0.0;2.0
953;20236;0.0;0.0;0.0;0.0;0.0;0.0;1.0
954;20237;3.0;10.0;0.0;1.0;6.0;0.0;2.0
955;20238;0.0;3.0;0.0;0.0;2.0;0.0;0.0
956;20239;0.0;0.0;0.0;0.0;2.0;0.0;1.0
957;20240;0.0;0.0;0.0;0.0;1.0;0.0;1.0
958;20241;0.0;3.0;0.0;0.0;3.0;0.0;1.0
959;20242;2.0;2.0;0.0;6.0;8.0;0.0;3.0
960;20243;0.0;1.0;0.0;0.0;1.0;1.0;1.0
961;20244;0.0;6.0;0.0;0.0;2.0;0.0;1.0
962;20245;1.0;1.0;0.0;0.0;0.0;0.0;0.0
963;20246;1.0;0.0;0.0;1.0;0.0;0.0;0.0
964;20247;5.0;0.0;1.0;1.0;1.0;0.0;2.0
965;20248;0.0;8.0;3.0;1.0;6.0;0.0;13.0
966;20249;0.0;1.0;0.0;0.0;5.0;0.0;0.0
967;20250;0.0;1.0;0.0;1.0;1.0;0.0;1.0
968;20251;0.0;0.0;0.0;1.0;1.0;0.0;0.0
969;20252;0.0;0.0;0.0;1.0;0.0;0.0;3.0
970;20253;4.0;0.0;0.0;0.0;1.0;0.0;4.0
971;20254;2.0;0.0;0.0;0.0;2.0;0.0;3.0
972;20255;0.0;1.0;0.0;0.0;6.0;0.0;2.0
973;20257;1.0;0.0;0.0;0.0;0.0;0.0;0.0
974;20258;1.0;1.0;0.0;0.0;1.0;0.0;1.0
975;20259;0.0;3.0;0.0;1.0;3.0;0.0;2.0
976;20260;0.0;0.0;0.0;4.0;2.0;0.0;0.0
977;20261;1.0;0.0;0.0;0.0;1.0;0.0;1.0
978;20262;6.0;0.0;0.0;0.0;2.0;0.0;5.0
979;20263;1.0;3.0;0.0;1.0;6.0;0.0;1.0
980;20265;1.0;3.0;0.0;1.0;0.0;0.0;2.0
981;20266;12.0;5.0;2.0;2.0;2.0;0.0;8.0
982;20267;0.0;0.0;0.0;1.0;0.0;0.0;0.0
983;20268;1.0;0.0;0.0;0.0;0.0;0.0;0.0
984;20269;3.0;3.0;0.0;2.0;3.0;1.0;4.0
985;20271;0.0;0.0;0.0;1.0;3.0;0.0;1.0
986;20272;4.0;15.0;0.0;8.0;13.0;0.0;0.0
987;20273;2.0;1.0;0.0;1.0;6.0;0.0;1.0
988;20274;0.0;1.0;0.0;0.0;0.0;0.0;0.0
989;20275;2.0;2.0;0.0;1.0;2.0;0.0;3.0
990;20276;1.0;0.0;0.0;0.0;0.0;0.0;3.0
991;20277;15.0;9.0;2.0;6.0;10.0;0.0;11.0
992;20278;6.0;43.0;15.0;10.0;17.0;0.0;14.0
993;20279;2.0;1.0;0.0;0.0;6.0;0.0;4.0
994;20280;3.0;7.0;0.0;2.0;3.0;0.0;8.0
995;20282;0.0;0.0;0.0;0.0;0.0;0.0;1.0
996;20284;0.0;1.0;0.0;0.0;0.0;0.0;0.0
997;20285;0.0;2.0;0.0;0.0;3.0;0.0;0.0
998;20286;3.0;2.0;0.0;1.0;3.0;0.0;5.0
999;20287;0.0;1.0;0.0;0.0;0.0;0.0;0.0
1000;20289;0.0;0.0;0.0;0.0;3.0;0.0;0.0
1001;20290;0.0;0.0;0.0;0.0;1.0;0.0;2.0
1002;20291;3.0;1.0;1.0;1.0;3.0;0.0;0.0
1003;20292;0.0;1.0;0.0;0.0;0.0;0.0;2.0
1004;20293;16.0;13.0;2.0;7.0;6.0;0.0;16.0
1005;20294;6.0;13.0;0.0;2.0;10.0;0.0;8.0
1006;20295;7.0;35.0;2.0;10.0;15.0;0.0;16.0
1007;20296;0.0;0.0;0.0;0.0;1.0;0.0;4.0
1008;20297;1.0;1.0;0.0;0.0;2.0;0.0;1.0
1009;20298;9.0;17.0;4.0;12.0;29.0;0.0;14.0
1010;20299;0.0;3.0;1.0;0.0;1.0;0.0;2.0
1011;20300;2.0;2.0;1.0;2.0;3.0;0.0;3.0
1012;20301;0.0;1.0;0.0;2.0;2.0;0.0;2.0
1013;20302;0.0;0.0;0.0;2.0;5.0;0.0;2.0
1014;20303;2.0;3.0;0.0;2.0;2.0;0.0;2.0
1015;20305;4.0;17.0;0.0;0.0;3.0;0.0;6.0
1016;20306;2.0;0.0;0.0;0.0;4.0;0.0;0.0
1017;20307;3.0;5.0;0.0;0.0;2.0;0.0;2.0
1018;20308;0.0;11.0;0.0;0.0;2.0;0.0;7.0
1019;20309;3.0;22.0;1.0;3.0;6.0;0.0;0.0
1020;20310;1.0;2.0;0.0;5.0;8.0;0.0;1.0
1021;20311;0.0;1.0;0.0;0.0;0.0;0.0;0.0
1022;20312;2.0;5.0;0.0;1.0;7.0;0.0;4.0
1023;20314;40.0;4.0;3.0;0.0;8.0;0.0;14.0
1024;20315;0.0;0.0;0.0;0.0;0.0;0.0;1.0
1025;20316;0.0;0.0;0.0;0.0;1.0;0.0;2.0
1026;20317;0.0;1.0;0.0;0.0;3.0;0.0;0.0
1027;20318;169.0;146.0;68.0;42.0;140.0;7.0;84.0
1028;20319;0.0;0.0;0.0;0.0;1.0;0.0;0.0
1029;20320;1.0;0.0;0.0;0.0;0.0;0.0;0.0
1030;20322;0.0;0.0;1.0;0.0;1.0;1.0;0.0
1031;20323;0.0;2.0;0.0;0.0;0.0;0.0;2.0
1032;20324;86.0;103.0;26.0;30.0;85.0;2.0;62.0
1033;20325;3.0;0.0;0.0;6.0;9.0;0.0;3.0
1034;20326;0.0;1.0;0.0;1.0;3.0;0.0;1.0
1035;20327;11.0;60.0;4.0;10.0;6.0;0.0;18.0
1036;20328;0.0;1.0;0.0;0.0;0.0;0.0;0.0
1037;20329;1.0;2.0;0.0;0.0;1.0;0.0;3.0
1038;20330;0.0;0.0;0.0;0.0;0.0;0.0;2.0
1039;20332;0.0;0.0;0.0;0.0;0.0;0.0;1.0
1040;20333;4.0;8.0;0.0;4.0;2.0;0.0;11.0
1041;20334;74.0;156.0;64.0;24.0;98.0;0.0;35.0
1042;20335;0.0;0.0;0.0;0.0;0.0;1.0;0.0
1043;20336;0.0;0.0;0.0;0.0;2.0;0.0;1.0
1044;20337;7.0;2.0;2.0;4.0;16.0;1.0;12.0
1045;20338;13.0;32.0;3.0;14.0;19.0;1.0;26.0
1046;20339;6.0;9.0;0.0;3.0;15.0;0.0;7.0
1047;20340;1.0;6.0;0.0;0.0;0.0;0.0;1.0
1048;20341;1.0;0.0;0.0;0.0;0.0;0.0;0.0
1049;20342;3.0;5.0;2.0;1.0;4.0;1.0;10.0
1050;20343;0.0;0.0;0.0;2.0;1.0;0.0;1.0
1051;20344;1.0;2.0;0.0;1.0;2.0;0.0;2.0
1052;20345;1.0;3.0;0.0;0.0;2.0;0.0;1.0
1053;20346;0.0;2.0;0.0;1.0;2.0;0.0;1.0
1054;20347;0.0;0.0;0.0;0.0;1.0;0.0;3.0
1055;20348;2.0;6.0;1.0;3.0;5.0;0.0;3.0
1056;20349;1.0;1.0;0.0;1.0;2.0;0.0;0.0
1057;20350;20.0;43.0;9.0;13.0;27.0;1.0;28.0
1058;20351;3.0;0.0;0.0;0.0;3.0;0.0;2.0
1059;20352;1.0;1.0;0.0;0.0;3.0;0.0;0.0
1060;20353;0.0;1.0;0.0;1.0;3.0;0.0;2.0
1061;20355;0.0;0.0;0.0;0.0;0.0;0.0;1.0
1062;20356;1.0;1.0;0.0;0.0;5.0;1.0;0.0
1063;20357;1.0;2.0;0.0;0.0;0.0;0.0;0.0
1064;20358;0.0;1.0;0.0;0.0;1.0;0.0;0.0
1065;20359;1.0;0.0;0.0;0.0;1.0;0.0;0.0
1066;20360;0.0;3.0;1.0;3.0;4.0;0.0;2.0
1067;20361;0.0;0.0;0.0;0.0;0.0;0.0;1.0
1068;20362;1.0;1.0;0.0;0.0;1.0;0.0;3.0
1069;20363;16.0;6.0;1.0;0.0;6.0;0.0;6.0
1070;20364;36.0;82.0;2.0;13.0;46.0;1.0;17.0
1071;20365;4.0;0.0;0.0;0.0;0.0;0.0;0.0
1072;20366;1.0;0.0;0.0;1.0;8.0;0.0;3.0
1073;20367;1.0;10.0;0.0;1.0;5.0;0.0;1.0
1074;20368;1.0;0.0;0.0;0.0;3.0;0.0;1.0
1075;20369;0.0;1.0;0.0;2.0;8.0;0.0;0.0
1076;20370;1.0;1.0;0.0;0.0;1.0;0.0;1.0
1077;20371;0.0;1.0;0.0;0.0;1.0;0.0;2.0
1078;20372;2.0;1.0;0.0;1.0;0.0;0.0;2.0
1079;20374;0.0;0.0;0.0;0.0;1.0;0.0;1.0
1080;20375;6.0;19.0;2.0;10.0;19.0;0.0;20.0
1081;20376;0.0;0.0;0.0;0.0;0.0;0.0;1.0
1082;20377;1.0;0.0;0.0;2.0;5.0;0.0;4.0
1083;20378;2.0;1.0;0.0;1.0;0.0;0.0;1.0
1084;20379;0.0;0.0;0.0;1.0;0.0;0.0;0.0
1085;20380;0.0;3.0;0.0;0.0;4.0;0.0;4.0
1086;20381;0.0;0.0;0.0;2.0;3.0;0.0;1.0
1087;20382;1.0;1.0;0.0;0.0;2.0;0.0;1.0
1088;20383;0.0;0.0;0.0;0.0;0.0;0.0;2.0
1089;20384;0.0;1.0;0.0;2.0;9.0;0.0;1.0
1090;20385;34.0;153.0;16.0;65.0;119.0;5.0;104.0
1091;20386;0.0;9.0;0.0;2.0;3.0;0.0;3.0
1092;20387;2.0;4.0;0.0;1.0;5.0;0.0;3.0
1093;20388;2.0;0.0;0.0;0.0;0.0;0.0;0.0
1094;20389;0.0;1.0;0.0;0.0;3.0;0.0;0.0
1095;20390;62.0;107.0;19.0;59.0;96.0;6.0;91.0
1096;20391;0.0;0.0;0.0;1.0;0.0;0.0;1.0
1097;20392;1.0;2.0;0.0;2.0;2.0;0.0;3.0
1098;20393;2.0;2.0;0.0;0.0;4.0;0.0;0.0
1099;20394;0.0;0.0;0.0;0.0;1.0;0.0;2.0
1100;20395;0.0;0.0;0.0;0.0;0.0;0.0;1.0
1101;20396;0.0;2.0;0.0;1.0;2.0;0.0;0.0
1102;20397;51.0;82.0;6.0;39.0;79.0;2.0;52.0
1103;20398;6.0;7.0;2.0;5.0;14.0;0.0;2.0
1104;20399;12.0;34.0;4.0;22.0;30.0;0.0;26.0
1105;20400;1.0;0.0;0.0;1.0;1.0;0.0;0.0
1106;20401;91.0;39.0;14.0;16.0;50.0;3.0;19.0
1107;20402;1.0;1.0;0.0;2.0;1.0;0.0;2.0
1108;20403;7.0;10.0;6.0;1.0;4.0;0.0;4.0
1109;20404;0.0;1.0;0.0;0.0;0.0;0.0;0.0
1110;20405;1.0;1.0;0.0;2.0;0.0;0.0;1.0
1111;20406;1.0;2.0;0.0;2.0;7.0;0.0;10.0
1112;20407;1.0;3.0;1.0;1.0;3.0;0.0;1.0
1113;20409;26.0;46.0;8.0;8.0;19.0;0.0;19.0
1114;20410;0.0;0.0;0.0;0.0;0.0;0.0;2.0
1115;20411;0.0;0.0;0.0;0.0;1.0;0.0;0.0
1116;20412;2.0;11.0;0.0;1.0;1.0;0.0;11.0
1117;20413;164.0;87.0;88.0;39.0;83.0;3.0;79.0
1118;20414;2.0;9.0;0.0;2.0;3.0;0.0;1.0
1119;20415;0.0;0.0;0.0;1.0;6.0;0.0;2.0
1120;20417;1.0;3.0;0.0;1.0;5.0;0.0;1.0
1121;20418;11.0;55.0;8.0;10.0;13.0;0.0;25.0
1122;20419;5.0;0.0;0.0;0.0;0.0;1.0;1.0
1123;20420;2.0;0.0;0.0;0.0;1.0;0.0;0.0
1124;20421;0.0;21.0;0.0;2.0;2.0;0.0;18.0
1125;20424;2.0;0.0;0.0;0.0;1.0;0.0;2.0
1126;20425;0.0;0.0;0.0;0.0;0.0;0.0;2.0
1127;20426;2.0;1.0;0.0;0.0;5.0;0.0;0.0
1128;20427;2.0;25.0;0.0;0.0;4.0;0.0;4.0
1129;20428;0.0;0.0;0.0;0.0;0.0;0.0;2.0
1130;20429;1.0;1.0;0.0;0.0;2.0;0.0;1.0
1131;20430;1.0;0.0;0.0;0.0;0.0;0.0;2.0
1132;20431;1.0;2.0;0.0;0.0;2.0;0.0;0.0
1133;20432;0.0;1.0;0.0;0.0;1.0;0.0;1.0
1134;20433;0.0;0.0;0.0;0.0;2.0;0.0;0.0
1135;20434;3.0;0.0;0.0;0.0;3.0;0.0;1.0
1136;20435;1.0;0.0;0.0;1.0;3.0;0.0;1.0
1137;20437;2.0;1.0;0.0;3.0;7.0;0.0;8.0
1138;20438;2.0;0.0;0.0;1.0;1.0;0.0;1.0
1139;20439;62.0;42.0;45.0;13.0;26.0;0.0;37.0
1140;20441;2.0;41.0;13.0;16.0;15.0;0.0;26.0
1141;20442;0.0;0.0;0.0;0.0;0.0;0.0;2.0
1142;20443;0.0;0.0;1.0;1.0;2.0;0.0;0.0
1143;20444;0.0;0.0;0.0;0.0;0.0;0.0;4.0
1144;20446;1.0;0.0;0.0;0.0;0.0;0.0;1.0
1145;20447;7.0;15.0;1.0;6.0;24.0;0.0;9.0
1146;20448;3.0;0.0;0.0;0.0;0.0;0.0;0.0
1147;20449;3.0;3.0;0.0;0.0;2.0;0.0;0.0
1148;20450;2.0;0.0;0.0;2.0;1.0;0.0;1.0
1149;20451;0.0;1.0;0.0;0.0;0.0;0.0;0.0
1150;20452;0.0;3.0;0.0;2.0;1.0;0.0;0.0
1151;20453;5.0;8.0;3.0;1.0;8.0;0.0;9.0
1152;20454;2.0;0.0;0.0;0.0;0.0;0.0;1.0
1153;20455;1.0;1.0;0.0;1.0;2.0;0.0;2.0
1154;20456;0.0;2.0;0.0;0.0;1.0;0.0;1.0
1155;20457;0.0;0.0;0.0;0.0;0.0;0.0;2.0
1156;20458;1.0;0.0;0.0;0.0;1.0;0.0;1.0
1157;20459;1.0;17.0;0.0;5.0;5.0;0.0;10.0
1158;20460;1.0;0.0;0.0;1.0;2.0;0.0;3.0
1159;20462;1.0;10.0;0.0;1.0;1.0;0.0;6.0
1160;20463;0.0;0.0;0.0;0.0;0.0;0.0;2.0
1161;20465;1.0;1.0;0.0;0.0;1.0;0.0;3.0
1162;20466;1.0;6.0;0.0;0.0;5.0;0.0;1.0
1163;20467;19.0;63.0;0.0;12.0;21.0;1.0;11.0
1164;20468;0.0;2.0;0.0;4.0;4.0;0.0;3.0
1165;20469;24.0;71.0;3.0;18.0;38.0;2.0;20.0
1166;20470;0.0;4.0;0.0;0.0;0.0;0.0;1.0
1167;20471;0.0;0.0;0.0;0.0;0.0;0.0;2.0
1168;20472;1.0;21.0;0.0;2.0;3.0;0.0;22.0
1169;20474;1.0;4.0;0.0;1.0;3.0;0.0;5.0
1170;20475;9.0;4.0;3.0;9.0;19.0;1.0;8.0
1171;20476;0.0;0.0;0.0;0.0;0.0;0.0;2.0
1172;20477;1.0;1.0;0.0;0.0;2.0;0.0;0.0
1173;20478;0.0;1.0;0.0;1.0;0.0;0.0;0.0
1174;20480;0.0;0.0;0.0;0.0;1.0;0.0;1.0
1175;20481;2.0;1.0;0.0;0.0;2.0;0.0;2.0
1176;20482;69.0;166.0;7.0;22.0;62.0;1.0;50.0
1177;20483;3.0;6.0;0.0;3.0;11.0;0.0;4.0
1178;20484;1.0;5.0;0.0;2.0;1.0;0.0;9.0
1179;20485;1.0;0.0;0.0;0.0;0.0;0.0;1.0
1180;20486;1.0;13.0;0.0;0.0;4.0;0.0;2.0
1181;20487;0.0;0.0;0.0;0.0;0.0;0.0;2.0
1182;20489;2.0;2.0;0.0;0.0;3.0;0.0;1.0
1183;20490;0.0;0.0;0.0;0.0;0.0;0.0;2.0
1184;20491;1.0;0.0;0.0;0.0;1.0;0.0;3.0
1185;20492;1.0;5.0;0.0;0.0;4.0;0.0;1.0
1186;20494;2.0;0.0;0.0;0.0;0.0;0.0;1.0
1187;20495;0.0;1.0;0.0;0.0;0.0;0.0;1.0
1188;20496;2.0;0.0;0.0;0.0;1.0;0.0;0.0
1189;20497;0.0;2.0;0.0;0.0;5.0;0.0;0.0
1190;20498;0.0;2.0;0.0;0.0;0.0;0.0;1.0
1191;20499;1.0;5.0;0.0;1.0;4.0;0.0;8.0
1192;20500;5.0;5.0;0.0;2.0;8.0;0.0;4.0
1193;20501;0.0;1.0;0.0;0.0;0.0;0.0;0.0
1194;20502;0.0;0.0;0.0;0.0;1.0;0.0;7.0
1195;20503;1.0;1.0;0.0;0.0;0.0;0.0;0.0
1196;20504;1.0;0.0;0.0;1.0;4.0;0.0;0.0
1197;20505;4.0;28.0;2.0;7.0;9.0;1.0;14.0
1198;20506;0.0;0.0;0.0;0.0;1.0;0.0;1.0
1199;20507;3.0;3.0;0.0;0.0;3.0;0.0;2.0
1200;20508;0.0;12.0;1.0;3.0;3.0;0.0;12.0
1201;20509;2.0;9.0;0.0;3.0;5.0;0.0;2.0
1202;20510;1.0;0.0;0.0;0.0;2.0;0.0;0.0
1203;20511;2.0;0.0;0.0;0.0;0.0;0.0;0.0
1204;20512;0.0;0.0;0.0;1.0;0.0;0.0;1.0
1205;20513;3.0;30.0;0.0;3.0;3.0;0.0;6.0
1206;20515;37.0;391.0;37.0;48.0;70.0;4.0;172.0
1207;20516;5.0;1.0;0.0;3.0;5.0;1.0;2.0
1208;20517;2.0;0.0;0.0;3.0;3.0;0.0;3.0
1209;20519;0.0;5.0;0.0;3.0;2.0;0.0;3.0
1210;20520;9.0;9.0;0.0;6.0;4.0;0.0;3.0
1211;20522;0.0;4.0;0.0;1.0;1.0;0.0;1.0
1212;20523;1.0;2.0;0.0;0.0;3.0;0.0;3.0
1213;20524;0.0;0.0;0.0;0.0;0.0;0.0;1.0
1214;20525;17.0;53.0;4.0;10.0;7.0;1.0;13.0
1215;20526;8.0;15.0;1.0;8.0;19.0;0.0;6.0
1216;20527;0.0;0.0;0.0;0.0;0.0;0.0;1.0
1217;20528;1.0;1.0;0.0;4.0;0.0;0.0;1.0
1218;20530;1.0;0.0;0.0;1.0;5.0;0.0;3.0
1219;20531;0.0;2.0;0.0;2.0;5.0;0.0;5.0
1220;20532;4.0;0.0;0.0;0.0;2.0;0.0;1.0
1221;20533;1.0;2.0;0.0;1.0;4.0;0.0;2.0
1222;20534;1.0;1.0;0.0;1.0;6.0;1.0;0.0
1223;20535;1.0;1.0;0.0;0.0;2.0;0.0;2.0
1224;20536;0.0;0.0;0.0;0.0;0.0;0.0;1.0
1225;20537;7.0;4.0;1.0;3.0;2.0;0.0;0.0
1226;20538;0.0;0.0;0.0;0.0;0.0;0.0;1.0
1227;20539;3.0;12.0;1.0;9.0;3.0;0.0;9.0
1228;20540;14.0;32.0;2.0;11.0;11.0;0.0;4.0
1229;20541;1.0;0.0;0.0;1.0;2.0;0.0;1.0
1230;20542;0.0;1.0;0.0;2.0;0.0;0.0;0.0
1231;20543;0.0;5.0;0.0;0.0;4.0;0.0;3.0
1232;20544;1.0;0.0;0.0;2.0;1.0;0.0;1.0
1233;20545;16.0;36.0;7.0;11.0;15.0;1.0;16.0
1234;20546;6.0;3.0;0.0;5.0;3.0;0.0;11.0
1235;20547;0.0;2.0;1.0;0.0;2.0;0.0;4.0
1236;20548;9.0;2.0;0.0;1.0;3.0;0.0;5.0
1237;20549;6.0;12.0;0.0;4.0;5.0;1.0;4.0
1238;20550;2.0;1.0;0.0;2.0;10.0;1.0;8.0
1239;20551;22.0;52.0;5.0;22.0;25.0;1.0;25.0
1240;20552;0.0;0.0;0.0;0.0;0.0;0.0;1.0
1241;20553;21.0;20.0;2.0;12.0;8.0;0.0;45.0
1242;20554;3.0;0.0;0.0;0.0;5.0;0.0;1.0
1243;20555;2.0;0.0;0.0;0.0;0.0;0.0;1.0
1244;20556;0.0;0.0;0.0;0.0;1.0;0.0;0.0
1245;20557;4.0;54.0;10.0;8.0;16.0;0.0;16.0
1246;20558;0.0;0.0;0.0;0.0;0.0;0.0;1.0
1247;20559;18.0;18.0;2.0;15.0;26.0;0.0;2.0
1248;20560;1.0;2.0;0.0;5.0;11.0;0.0;6.0
1249;20561;0.0;1.0;0.0;0.0;2.0;0.0;0.0
1250;20562;0.0;0.0;0.0;0.0;5.0;0.0;1.0
1251;20563;1.0;0.0;0.0;0.0;0.0;0.0;0.0
1252;20564;0.0;0.0;0.0;0.0;2.0;0.0;0.0
1253;20565;13.0;73.0;11.0;33.0;54.0;2.0;42.0
1254;20566;2.0;2.0;0.0;0.0;3.0;0.0;1.0
1255;20567;1.0;0.0;0.0;1.0;7.0;0.0;1.0
1256;20568;1.0;0.0;0.0;0.0;3.0;0.0;3.0
1257;20569;0.0;2.0;0.0;0.0;3.0;0.0;2.0
1258;20570;15.0;38.0;11.0;22.0;28.0;2.0;28.0
1259;21001;2.0;34.0;5.0;32.0;38.0;0.0;16.0
1260;21002;4.0;19.0;1.0;3.0;11.0;1.0;4.0
1261;21003;47.0;47.0;4.0;23.0;81.0;1.0;36.0
1262;21004;13.0;35.0;10.0;34.0;63.0;4.0;16.0
1263;21005;0.0;0.0;0.0;1.0;5.0;0.0;0.0
1264;21006;2.0;5.0;0.0;3.0;6.0;0.0;2.0
1265;21007;1.0;1.0;0.0;2.0;3.0;0.0;0.0
1266;21008;2.0;6.0;0.0;6.0;11.0;0.0;6.0
1267;21009;0.0;2.0;0.0;1.0;2.0;0.0;0.0
1268;21010;14.0;61.0;1.0;21.0;105.0;0.0;47.0
1269;21011;1.0;6.0;0.0;3.0;4.0;0.0;2.0
1270;21012;0.0;5.0;0.0;1.0;5.0;0.0;4.0
1271;21013;5.0;24.0;4.0;12.0;115.0;0.0;11.0
1272;21014;1.0;6.0;0.0;1.0;2.0;0.0;0.0
1273;21015;22.0;172.0;7.0;69.0;128.0;4.0;52.0
1274;21016;1.0;3.0;0.0;2.0;3.0;0.0;3.0
1275;21017;9.0;12.0;1.0;12.0;24.0;1.0;10.0
1276;21018;1.0;2.0;0.0;0.0;1.0;0.0;0.0
1277;21019;130.0;199.0;21.0;90.0;207.0;14.0;117.0
1278;21020;0.0;3.0;0.0;4.0;9.0;0.0;0.0
1279;21021;0.0;2.0;0.0;1.0;1.0;0.0;0.0
1280;21022;0.0;5.0;1.0;6.0;21.0;0.0;4.0
1281;21023;1.0;5.0;0.0;3.0;5.0;0.0;5.0
1282;21024;0.0;1.0;0.0;0.0;1.0;0.0;1.0
1283;21025;7.0;13.0;1.0;1.0;21.0;0.0;4.0
1284;21026;4.0;5.0;0.0;14.0;12.0;1.0;4.0
1285;21027;0.0;0.0;0.0;0.0;0.0;0.0;3.0
1286;21028;1.0;0.0;0.0;0.0;0.0;0.0;1.0
1287;21029;2.0;4.0;0.0;0.0;3.0;0.0;1.0
1288;21031;0.0;7.0;0.0;1.0;8.0;0.0;0.0
1289;21032;0.0;1.0;0.0;0.0;0.0;0.0;0.0
1290;21033;1.0;0.0;0.0;0.0;5.0;0.0;0.0
1291;21034;11.0;25.0;5.0;23.0;53.0;6.0;43.0
1292;21035;3.0;20.0;2.0;6.0;17.0;2.0;16.0
1293;21036;0.0;0.0;0.0;1.0;2.0;0.0;7.0
1294;21037;2.0;1.0;0.0;0.0;1.0;0.0;0.0
1295;21038;3.0;12.0;2.0;9.0;21.0;0.0;9.0
1296;21039;1.0;6.0;0.0;0.0;15.0;0.0;6.0
1297;21040;0.0;3.0;0.0;1.0;3.0;0.0;2.0
1298;21041;52.0;148.0;26.0;73.0;136.0;7.0;75.0
1299;21042;0.0;0.0;0.0;2.0;6.0;0.0;5.0
1300;21043;26.0;29.0;1.0;13.0;40.0;0.0;18.0
1301;21044;1.0;12.0;0.0;4.0;16.0;1.0;3.0
1302;21045;22.0;51.0;2.0;23.0;56.0;1.0;28.0
1303;21046;9.0;11.0;0.0;2.0;9.0;0.0;1.0
1304;21047;14.0;32.0;3.0;18.0;43.0;1.0;33.0
1305;21048;2.0;2.0;0.0;7.0;21.0;2.0;5.0
1306;21049;1.0;1.0;0.0;0.0;3.0;0.0;3.0
1307;21050;1.0;1.0;0.0;4.0;2.0;0.0;2.0
1308;21051;16.0;56.0;2.0;16.0;46.0;4.0;37.0
1309;21052;1.0;0.0;0.0;0.0;1.0;0.0;2.0
1310;21053;31.0;63.0;3.0;19.0;63.0;3.0;31.0
1311;21054;5.0;9.0;2.0;7.0;14.0;0.0;6.0
1312;21055;5.0;0.0;1.0;0.0;0.0;0.0;0.0
1313;21056;1.0;0.0;0.0;1.0;1.0;0.0;0.0
1314;21057;0.0;6.0;0.0;0.0;0.0;0.0;4.0
1315;21058;9.0;12.0;5.0;5.0;20.0;2.0;7.0
1316;21059;1.0;1.0;0.0;5.0;6.0;0.0;1.0
1317;21060;0.0;4.0;3.0;2.0;3.0;0.0;3.0
1318;21061;2.0;0.0;0.0;0.0;5.0;0.0;3.0
1319;21062;1.0;6.0;2.0;0.0;3.0;0.0;2.0
1320;21063;4.0;21.0;2.0;6.0;17.0;0.0;11.0
1321;21064;8.0;16.0;1.0;4.0;12.0;0.0;5.0
1322;21065;3.0;12.0;1.0;13.0;16.0;0.0;4.0
1323;21066;0.0;3.0;0.0;5.0;9.0;1.0;3.0
1324;21067;7.0;16.0;2.0;11.0;23.0;0.0;11.0
1325;21068;0.0;3.0;0.0;0.0;1.0;0.0;3.0
1326;21069;2.0;4.0;0.0;11.0;16.0;0.0;7.0
1327;21070;1.0;1.0;0.0;0.0;0.0;0.0;0.0
1328;21071;43.0;163.0;18.0;56.0;147.0;1.0;95.0
1329;21072;10.0;5.0;0.0;2.0;7.0;0.0;7.0
1330;21073;7.0;11.0;0.0;8.0;17.0;3.0;7.0
1331;21074;17.0;56.0;10.0;52.0;111.0;2.0;31.0
1332;21075;5.0;4.0;0.0;3.0;3.0;0.0;2.0
1333;21076;5.0;12.0;0.0;8.0;25.0;0.0;6.0
1334;21077;0.0;0.0;0.0;0.0;1.0;0.0;5.0
1335;21078;3.0;3.0;0.0;2.0;2.0;0.0;1.0
1336;21079;1.0;5.0;0.0;3.0;5.0;0.0;1.0
1337;21080;1.0;0.0;0.0;0.0;0.0;0.0;0.0
1338;21081;1.0;4.0;0.0;0.0;2.0;0.0;1.0
1339;21082;2.0;8.0;0.0;8.0;10.0;1.0;7.0
1340;21083;2.0;1.0;0.0;1.0;5.0;0.0;3.0
1341;21084;4.0;1.0;0.0;2.0;3.0;0.0;3.0
1342;21085;52.0;216.0;21.0;57.0;186.0;4.0;74.0
1343;21087;0.0;14.0;0.0;3.0;21.0;0.0;2.0
1344;21088;2.0;1.0;0.0;0.0;2.0;0.0;3.0
1345;21089;1.0;6.0;0.0;1.0;19.0;0.0;7.0
1346;21090;5.0;18.0;0.0;18.0;12.0;0.0;9.0
1347;21091;0.0;29.0;1.0;6.0;14.0;0.0;27.0
1348;21092;1.0;1.0;0.0;2.0;1.0;0.0;0.0
1349;21093;0.0;0.0;0.0;0.0;1.0;0.0;1.0
1350;21094;24.0;28.0;9.0;26.0;70.0;4.0;32.0
1351;21095;0.0;0.0;0.0;0.0;0.0;0.0;1.0
1352;21096;0.0;0.0;0.0;4.0;2.0;0.0;0.0
1353;21097;0.0;1.0;0.0;1.0;3.0;0.0;1.0
1354;21098;0.0;8.0;0.0;4.0;9.0;0.0;4.0
1355;21099;2.0;8.0;1.0;8.0;9.0;0.0;3.0
1356;21100;0.0;2.0;0.0;1.0;2.0;0.0;2.0
1357;21101;2.0;0.0;0.0;0.0;2.0;0.0;1.0
1358;21102;2.0;9.0;5.0;20.0;42.0;1.0;11.0
1359;21103;0.0;2.0;0.0;4.0;2.0;0.0;1.0
1360;21104;2.0;10.0;0.0;5.0;11.0;0.0;2.0
1361;21105;0.0;4.0;0.0;1.0;2.0;0.0;1.0
1362;21106;5.0;12.0;0.0;26.0;25.0;0.0;7.0
1363;21107;4.0;2.0;0.0;0.0;3.0;0.0;3.0
1364;21108;5.0;14.0;0.0;8.0;19.0;0.0;14.0
1365;21109;7.0;19.0;2.0;4.0;7.0;0.0;7.0
1366;21110;8.0;18.0;1.0;25.0;27.0;0.0;11.0
1367;21111;3.0;12.0;1.0;8.0;10.0;0.0;5.0
1368;21112;1.0;4.0;1.0;4.0;8.0;0.0;5.0
1369;21113;3.0;4.0;0.0;2.0;6.0;0.0;3.0
1370;21114;1254.0;2552.0;265.0;925.0;2769.0;195.0;1452.0
1371;21115;8.0;31.0;0.0;28.0;45.0;0.0;12.0
1372;21116;1.0;1.0;0.0;1.0;4.0;0.0;1.0
1373;21117;8.0;21.0;3.0;17.0;35.0;0.0;7.0
1374;21118;1.0;22.0;2.0;14.0;39.0;0.0;10.0
1375;21119;214.0;236.0;29.0;120.0;231.0;33.0;112.0
1376;21120;0.0;0.0;0.0;0.0;2.0;0.0;1.0
1377;21121;0.0;2.0;0.0;2.0;0.0;0.0;0.0
1378;21122;1.0;3.0;0.0;5.0;9.0;0.0;1.0
1379;21123;1.0;0.0;0.0;0.0;0.0;0.0;2.0
1380;21124;3.0;35.0;3.0;12.0;34.0;0.0;20.0
1381;21125;15.0;13.0;1.0;10.0;11.0;0.0;3.0
1382;21126;0.0;2.0;0.0;2.0;6.0;0.0;0.0
1383;21127;0.0;2.0;0.0;1.0;2.0;1.0;2.0
1384;21128;1.0;3.0;0.0;3.0;7.0;0.0;7.0
1385;21129;0.0;0.0;2.0;4.0;9.0;0.0;3.0
1386;21130;1.0;5.0;0.0;1.0;3.0;0.0;0.0
1387;21131;0.0;0.0;0.0;0.0;1.0;0.0;1.0
1388;21132;73.0;203.0;25.0;96.0;235.0;10.0;112.0
1389;21133;0.0;0.0;1.0;1.0;5.0;0.0;0.0
1390;21134;2.0;18.0;0.0;10.0;27.0;0.0;11.0
1391;21136;5.0;24.0;1.0;11.0;12.0;1.0;12.0
1392;21137;2.0;10.0;0.0;3.0;11.0;0.0;1.0
1393;21138;1.0;6.0;0.0;11.0;12.0;0.0;4.0
1394;21139;0.0;1.0;0.0;2.0;5.0;0.0;3.0
1395;21140;143.0;236.0;31.0;112.0;236.0;18.0;106.0
1396;21141;1.0;2.0;0.0;3.0;3.0;0.0;8.0
1397;21142;14.0;20.0;6.0;19.0;45.0;2.0;17.0
1398;21143;8.0;33.0;5.0;28.0;57.0;0.0;11.0
1399;21144;9.0;35.0;7.0;8.0;44.0;1.0;32.0
1400;21145;3.0;0.0;0.0;3.0;3.0;0.0;2.0
1401;21146;0.0;0.0;0.0;0.0;1.0;0.0;0.0
1402;21147;2.0;2.0;0.0;4.0;8.0;0.0;1.0
1403;21148;0.0;1.0;0.0;1.0;3.0;0.0;1.0
1404;21149;7.0;12.0;0.0;10.0;24.0;0.0;17.0
1405;21150;0.0;5.0;0.0;3.0;4.0;0.0;2.0
1406;21151;2.0;7.0;0.0;8.0;15.0;0.0;1.0
1407;21152;0.0;4.0;0.0;5.0;5.0;0.0;3.0
1408;21153;9.0;23.0;3.0;5.0;18.0;0.0;4.0
1409;21154;46.0;86.0;10.0;47.0;100.0;5.0;36.0
1410;21155;8.0;6.0;0.0;6.0;11.0;0.0;5.0
1411;21156;200.0;393.0;35.0;177.0;563.0;25.0;499.0
1412;21157;6.0;12.0;2.0;10.0;29.0;0.0;16.0
1413;21158;1.0;5.0;0.0;2.0;5.0;0.0;1.0
1414;21159;0.0;3.0;0.0;1.0;7.0;0.0;0.0
1415;21160;0.0;2.0;0.0;0.0;3.0;0.0;3.0
1416;21161;6.0;8.0;0.0;13.0;18.0;1.0;12.0
1417;21162;0.0;2.0;0.0;0.0;2.0;0.0;3.0
1418;21163;0.0;16.0;0.0;15.0;14.0;1.0;5.0
1419;21164;33.0;135.0;21.0;39.0;126.0;2.0;65.0
1420;21165;0.0;0.0;0.0;0.0;1.0;0.0;0.0
1421;21166;2.0;12.0;0.0;6.0;17.0;0.0;9.0
1422;21167;0.0;0.0;0.0;0.0;1.0;0.0;4.0
1423;21168;1.0;10.0;2.0;1.0;9.0;0.0;4.0
1424;21169;1.0;15.0;0.0;12.0;19.0;0.0;7.0
1425;21170;4.0;20.0;0.0;7.0;12.0;0.0;13.0
1426;21171;0.0;7.0;0.0;3.0;9.0;0.0;4.0
1427;21172;9.0;18.0;2.0;7.0;27.0;1.0;11.0
1428;21173;1.0;7.0;0.0;3.0;5.0;0.0;5.0
1429;21174;63.0;154.0;8.0;60.0;167.0;14.0;95.0
1430;21175;3.0;2.0;0.0;9.0;12.0;0.0;1.0
1431;21176;0.0;8.0;0.0;1.0;3.0;0.0;2.0
1432;21177;5.0;62.0;4.0;30.0;44.0;1.0;12.0
1433;21178;1.0;2.0;0.0;0.0;6.0;0.0;5.0
1434;21179;5.0;6.0;0.0;9.0;20.0;1.0;2.0
1435;21180;5.0;33.0;0.0;19.0;35.0;1.0;18.0
1436;21181;2.0;5.0;0.0;4.0;3.0;0.0;0.0
1437;21182;0.0;1.0;0.0;3.0;2.0;0.0;0.0
1438;21183;1.0;5.0;0.0;2.0;3.0;0.0;5.0
1439;21184;0.0;2.0;0.0;0.0;0.0;0.0;2.0
1440;21185;0.0;3.0;0.0;6.0;17.0;1.0;5.0
1441;21186;15.0;40.0;3.0;21.0;34.0;0.0;28.0
1442;21187;3.0;2.0;0.0;0.0;2.0;0.0;0.0
1443;21188;3.0;9.0;0.0;7.0;13.0;0.0;5.0
1444;21189;6.0;14.0;3.0;13.0;28.0;0.0;9.0
1445;21190;0.0;1.0;0.0;0.0;1.0;0.0;2.0
1446;21191;18.0;2.0;2.0;14.0;30.0;1.0;12.0
1447;21192;0.0;4.0;0.0;0.0;4.0;0.0;2.0
1448;21193;0.0;0.0;0.0;0.0;1.0;0.0;1.0
1449;21194;19.0;50.0;3.0;27.0;101.0;1.0;15.0
1450;21195;2.0;4.0;0.0;6.0;5.0;0.0;10.0
1451;21196;0.0;2.0;0.0;2.0;4.0;0.0;4.0
1452;21197;36.0;183.0;11.0;57.0;153.0;0.0;59.0
1453;21198;0.0;0.0;0.0;2.0;0.0;0.0;0.0
1454;21199;6.0;29.0;4.0;16.0;25.0;0.0;9.0
1455;21200;2.0;1.0;0.0;1.0;2.0;0.0;4.0
1456;21201;0.0;1.0;1.0;1.0;1.0;0.0;1.0
1457;21202;2.0;7.0;0.0;1.0;5.0;0.0;1.0
1458;21203;0.0;12.0;0.0;4.0;2.0;0.0;2.0
1459;21204;1.0;5.0;0.0;1.0;9.0;0.0;4.0
1460;21205;3.0;10.0;0.0;18.0;16.0;0.0;7.0
1461;21206;0.0;1.0;0.0;0.0;5.0;0.0;0.0
1462;21207;17.0;69.0;5.0;25.0;44.0;1.0;57.0
1463;21208;57.0;98.0;5.0;46.0;77.0;2.0;64.0
1464;21209;6.0;7.0;0.0;4.0;12.0;0.0;5.0
1465;21210;3.0;5.0;2.0;4.0;9.0;0.0;6.0
1466;21211;15.0;39.0;3.0;16.0;27.0;1.0;10.0
1467;21212;1.0;11.0;0.0;11.0;11.0;0.0;10.0
1468;21213;2.0;4.0;0.0;2.0;3.0;0.0;2.0
1469;21214;4.0;10.0;4.0;11.0;43.0;0.0;14.0
1470;21215;4.0;2.0;0.0;2.0;8.0;0.0;0.0
1471;21216;0.0;0.0;0.0;0.0;1.0;0.0;2.0
1472;21217;2.0;0.0;0.0;2.0;2.0;0.0;6.0
1473;22001;20.0;31.0;8.0;15.0;37.0;3.0;5.0
1474;22002;8.0;7.0;1.0;6.0;5.0;0.0;0.0
1475;22003;5.0;10.0;0.0;2.0;3.0;0.0;0.0
1476;22004;30.0;51.0;5.0;24.0;35.0;2.0;12.0
1477;22005;5.0;46.0;3.0;23.0;36.0;1.0;10.0
1478;22006;100.0;148.0;24.0;114.0;174.0;20.0;103.0
1479;22007;47.0;122.0;8.0;49.0;61.0;6.0;13.0
1480;22008;3.0;15.0;2.0;8.0;16.0;0.0;2.0
1481;22009;38.0;34.0;4.0;19.0;29.0;1.0;9.0
1482;22010;3.0;0.0;0.0;2.0;6.0;1.0;0.0
1483;22011;40.0;138.0;19.0;62.0;116.0;7.0;63.0
1484;22012;30.0;70.0;18.0;47.0;94.0;1.0;35.0
1485;22013;3.0;3.0;0.0;3.0;3.0;1.0;1.0
1486;22014;846.0;1406.0;194.0;655.0;1361.0;157.0;594.0
1487;22015;14.0;11.0;0.0;11.0;6.0;2.0;1.0
1488;22016;168.0;304.0;33.0;173.0;364.0;24.0;169.0
1489;22017;80.0;137.0;6.0;47.0;102.0;7.0;19.0
1490;22018;6.0;32.0;1.0;11.0;13.0;0.0;5.0
1491;23001;212.0;183.0;37.0;82.0;112.0;11.0;40.0
1492;23002;12.0;77.0;16.0;37.0;68.0;2.0;12.0
1493;23003;94.0;28.0;16.0;28.0;33.0;2.0;11.0
1494;23004;154.0;379.0;87.0;189.0;253.0;28.0;78.0
1495;23005;498.0;1122.0;204.0;544.0;655.0;156.0;264.0
1496;23006;17.0;41.0;1.0;15.0;19.0;3.0;3.0
1497;23007;48.0;23.0;15.0;14.0;14.0;0.0;6.0
1498;23008;371.0;264.0;62.0;225.0;230.0;43.0;125.0
1499;23009;171.0;62.0;15.0;53.0;56.0;4.0;17.0
1500;23010;36.0;33.0;11.0;26.0;30.0;2.0;10.0
1501;23011;37.0;51.0;23.0;26.0;33.0;3.0;12.0
1502;24001;7.0;18.0;3.0;7.0;5.0;1.0;1.0
1503;24002;1.0;3.0;0.0;0.0;0.0;0.0;0.0
1504;24003;13.0;8.0;2.0;5.0;14.0;0.0;7.0
1505;24004;3.0;4.0;1.0;1.0;0.0;0.0;0.0
1506;24005;15.0;58.0;7.0;16.0;20.0;0.0;10.0
1507;24006;12.0;14.0;2.0;4.0;5.0;0.0;2.0
1508;24007;5.0;20.0;2.0;19.0;14.0;3.0;6.0
1509;24008;10.0;100.0;5.0;14.0;54.0;1.0;15.0
1510;24009;7.0;5.0;0.0;0.0;0.0;0.0;0.0
1511;24010;13.0;61.0;6.0;14.0;26.0;2.0;7.0
1512;24011;14.0;219.0;3.0;44.0;54.0;6.0;13.0
1513;24012;4.0;17.0;2.0;3.0;9.0;1.0;0.0
1514;24013;119.0;398.0;47.0;103.0;341.0;8.0;81.0
1515;24014;3.0;9.0;0.0;4.0;8.0;0.0;2.0
1516;24015;9.0;37.0;3.0;15.0;15.0;0.0;9.0
1517;24016;16.0;67.0;10.0;33.0;103.0;4.0;33.0
1518;24017;0.0;3.0;0.0;0.0;1.0;0.0;1.0
1519;24018;5.0;1.0;0.0;1.0;1.0;0.0;0.0
1520;24019;2.0;1.0;0.0;0.0;0.0;0.0;0.0
1521;24020;43.0;116.0;10.0;60.0;96.0;16.0;50.0
1522;24021;0.0;18.0;0.0;4.0;4.0;1.0;0.0
1523;24022;5.0;20.0;1.0;10.0;9.0;0.0;6.0
1524;24023;4.0;14.0;1.0;14.0;6.0;1.0;3.0
1525;24024;44.0;319.0;18.0;83.0;122.0;4.0;52.0
1526;24025;10.0;28.0;1.0;16.0;36.0;2.0;3.0
1527;24026;2.0;2.0;0.0;0.0;2.0;0.0;0.0
1528;24027;6.0;38.0;1.0;6.0;16.0;0.0;3.0
1529;24028;563.0;1795.0;203.0;473.0;815.0;105.0;740.0
1530;24029;1.0;6.0;0.0;0.0;5.0;0.0;2.0
1531;24030;0.0;0.0;0.0;1.0;1.0;0.0;1.0
1532;24031;0.0;1.0;0.0;0.0;0.0;0.0;1.0
1533;24032;30.0;85.0;8.0;19.0;30.0;5.0;12.0
1534;24033;2.0;2.0;0.0;0.0;1.0;0.0;0.0
1535;24034;14.0;15.0;1.0;3.0;14.0;0.0;2.0
1536;24035;25.0;559.0;43.0;135.0;205.0;10.0;182.0
1537;24036;36.0;32.0;8.0;11.0;26.0;0.0;10.0
1538;24037;51.0;69.0;6.0;27.0;65.0;2.0;39.0
1539;24038;2.0;9.0;1.0;2.0;3.0;0.0;2.0
1540;24039;2.0;7.0;0.0;2.0;3.0;0.0;1.0
1541;24040;18.0;50.0;10.0;25.0;51.0;1.0;17.0
1542;24041;3.0;15.0;0.0;5.0;9.0;1.0;1.0
1543;24042;9.0;29.0;3.0;13.0;25.0;1.0;3.0
1544;24043;3.0;25.0;4.0;3.0;8.0;1.0;0.0
1545;24044;3.0;5.0;0.0;7.0;2.0;0.0;1.0
1546;24045;7.0;26.0;2.0;11.0;12.0;1.0;4.0
1547;24046;1.0;12.0;3.0;5.0;9.0;0.0;4.0
1548;24047;2.0;0.0;0.0;2.0;0.0;0.0;2.0
1549;24048;4.0;2.0;1.0;1.0;1.0;0.0;0.0
1550;24049;6.0;24.0;1.0;20.0;21.0;0.0;1.0
1551;24050;6.0;37.0;10.0;17.0;32.0;4.0;15.0
1552;24051;3.0;10.0;1.0;4.0;7.0;2.0;2.0
1553;24052;5.0;15.0;0.0;4.0;12.0;0.0;3.0
1554;24053;13.0;37.0;2.0;20.0;23.0;0.0;15.0
1555;24054;33.0;18.0;3.0;19.0;27.0;0.0;6.0
1556;24055;1.0;4.0;1.0;1.0;4.0;0.0;3.0
1557;24056;4.0;20.0;3.0;8.0;11.0;0.0;2.0
1558;24057;9.0;14.0;2.0;10.0;15.0;2.0;6.0
1559;24058;14.0;44.0;4.0;10.0;25.0;0.0;17.0
1560;25001;231.0;421.0;228.0;305.0;634.0;64.0;114.0
1561;25002;20.0;30.0;18.0;22.0;46.0;6.0;8.0
1562;25003;9.0;6.0;4.0;7.0;9.0;1.0;2.0
1563;25004;7.0;8.0;5.0;13.0;15.0;1.0;3.0
1564;25005;11.0;11.0;4.0;10.0;18.0;2.0;3.0
1565;25006;624.0;633.0;475.0;558.0;1256.0;244.0;299.0
1566;25007;3.0;19.0;10.0;10.0;16.0;1.0;5.0
1567;25008;15.0;30.0;13.0;23.0;39.0;0.0;9.0
1568;25009;24.0;59.0;42.0;37.0;65.0;7.0;22.0
1569;25010;16.0;73.0;28.0;58.0;64.0;4.0;16.0
1570;25011;101.0;208.0;132.0;148.0;300.0;26.0;69.0
1571;25012;378.0;391.0;295.0;424.0;630.0;76.0;210.0
1572;25013;22.0;13.0;6.0;24.0;26.0;2.0;1.0
1573;25014;11.0;22.0;12.0;28.0;36.0;1.0;14.0
1574;25015;51.0;67.0;39.0;40.0;71.0;18.0;18.0
1575;25016;7.0;11.0;5.0;14.0;22.0;3.0;5.0
1576;25017;11.0;26.0;16.0;25.0;34.0;3.0;13.0
1577;25018;34.0;71.0;104.0;57.0;115.0;8.0;25.0
1578;26001;2.0;1.0;0.0;0.0;2.0;0.0;1.0
1579;26002;41.0;21.0;26.0;74.0;89.0;9.0;11.0
1580;26003;16.0;10.0;2.0;7.0;0.0;1.0;1.0
1581;26004;10.0;0.0;3.0;7.0;17.0;1.0;2.0
1582;26005;0.0;0.0;0.0;1.0;1.0;0.0;0.0
1583;26006;1.0;0.0;1.0;2.0;3.0;0.0;2.0
1584;26007;1.0;0.0;0.0;0.0;0.0;0.0;0.0
1585;26008;1.0;1.0;0.0;2.0;0.0;0.0;0.0
1586;26009;2.0;0.0;0.0;1.0;1.0;0.0;0.0
1587;26010;1.0;0.0;0.0;1.0;2.0;0.0;0.0
1588;26011;1.0;0.0;0.0;2.0;1.0;0.0;0.0
1589;26012;2.0;16.0;12.0;24.0;20.0;2.0;0.0
1590;26013;1.0;0.0;0.0;5.0;1.0;0.0;1.0
1591;26014;3.0;0.0;0.0;1.0;3.0;0.0;0.0
1592;26015;0.0;1.0;0.0;1.0;2.0;0.0;0.0
1593;26016;8.0;3.0;2.0;4.0;5.0;0.0;0.0
1594;26017;38.0;20.0;32.0;64.0;104.0;14.0;10.0
1595;26018;177.0;264.0;300.0;397.0;447.0;55.0;85.0
1596;26019;22.0;9.0;8.0;28.0;28.0;2.0;6.0
1597;26020;4.0;2.0;0.0;4.0;3.0;0.0;1.0
1598;26021;1.0;0.0;1.0;1.0;3.0;0.0;0.0
1599;26022;0.0;0.0;0.0;0.0;0.0;0.0;1.0
1600;26023;5.0;1.0;2.0;7.0;7.0;0.0;0.0
1601;26025;8.0;20.0;21.0;45.0;49.0;8.0;15.0
1602;26026;6.0;30.0;14.0;34.0;46.0;0.0;2.0
1603;26027;2.0;3.0;2.0;9.0;10.0;1.0;0.0
1604;26028;0.0;0.0;0.0;1.0;0.0;0.0;0.0
1605;26029;82.0;66.0;54.0;100.0;120.0;17.0;29.0
1606;26030;407.0;275.0;300.0;626.0;830.0;147.0;174.0
1607;26031;1.0;0.0;0.0;2.0;0.0;0.0;1.0
1608;26032;0.0;0.0;1.0;1.0;1.0;0.0;0.0
1609;26033;18.0;53.0;46.0;47.0;71.0;8.0;4.0
1610;26034;0.0;0.0;1.0;0.0;0.0;0.0;0.0
1611;26035;7.0;3.0;3.0;6.0;22.0;2.0;0.0
1612;26036;19.0;6.0;13.0;22.0;40.0;2.0;5.0
1613;26037;2.0;0.0;3.0;3.0;3.0;0.0;2.0
1614;26038;3.0;3.0;3.0;8.0;11.0;1.0;1.0
1615;26039;1.0;2.0;1.0;8.0;6.0;0.0;1.0
1616;26040;1.0;0.0;0.0;3.0;2.0;0.0;1.0
1617;26041;6.0;5.0;4.0;15.0;27.0;0.0;7.0
1618;26042;54.0;87.0;71.0;99.0;137.0;10.0;15.0
1619;26043;115.0;101.0;67.0;87.0;118.0;32.0;23.0
1620;26044;1.0;0.0;0.0;0.0;0.0;0.0;0.0
1621;26045;1.0;0.0;0.0;0.0;1.0;0.0;0.0
1622;26047;6.0;4.0;5.0;10.0;13.0;2.0;4.0
1623;26048;94.0;45.0;50.0;46.0;77.0;9.0;8.0
1624;26049;0.0;1.0;1.0;1.0;0.0;0.0;1.0
1625;26050;1.0;0.0;0.0;0.0;0.0;0.0;0.0
1626;26051;2.0;2.0;4.0;4.0;7.0;0.0;0.0
1627;26052;2.0;2.0;4.0;2.0;8.0;1.0;1.0
1628;26054;1.0;0.0;0.0;0.0;0.0;0.0;0.0
1629;26055;118.0;128.0;95.0;130.0;230.0;20.0;19.0
1630;26056;2.0;4.0;1.0;16.0;5.0;0.0;6.0
1631;26057;1.0;0.0;0.0;1.0;0.0;0.0;0.0
1632;26058;7.0;1.0;6.0;13.0;34.0;4.0;3.0
1633;26059;0.0;2.0;0.0;2.0;0.0;0.0;0.0
1634;26060;0.0;0.0;0.0;0.0;2.0;0.0;0.0
1635;26061;0.0;0.0;0.0;0.0;0.0;0.0;1.0
1636;26062;0.0;0.0;0.0;2.0;0.0;0.0;1.0
1637;26063;0.0;0.0;0.0;1.0;1.0;0.0;0.0
1638;26064;2.0;0.0;1.0;2.0;2.0;0.0;0.0
1639;26065;0.0;0.0;0.0;1.0;0.0;0.0;0.0
1640;26066;2.0;1.0;2.0;2.0;9.0;0.0;2.0
1641;26067;1.0;0.0;0.0;1.0;0.0;0.0;0.0
1642;26069;2.0;1.0;2.0;3.0;6.0;0.0;1.0
1643;26070;7.0;8.0;5.0;9.0;24.0;2.0;2.0
1644;26071;2.0;10.0;18.0;15.0;18.0;2.0;4.0
1645;26072;0.0;6.0;5.0;10.0;9.0;1.0;2.0
1646;27001;5.0;64.0;6.0;41.0;33.0;3.0;7.0
1647;27002;46.0;372.0;34.0;134.0;267.0;10.0;57.0
1648;27003;31.0;64.0;11.0;46.0;74.0;2.0;18.0
1649;27004;291.0;1164.0;161.0;411.0;1077.0;103.0;297.0
1650;27005;43.0;249.0;28.0;109.0;239.0;7.0;31.0
1651;27006;15.0;98.0;12.0;37.0;108.0;3.0;10.0
1652;27007;24.0;55.0;11.0;42.0;49.0;2.0;9.0
1653;27008;27.0;206.0;16.0;57.0;136.0;1.0;19.0
1654;27009;4.0;19.0;0.0;10.0;18.0;1.0;3.0
1655;27010;14.0;86.0;9.0;42.0;70.0;0.0;8.0
1656;27011;8.0;37.0;8.0;19.0;17.0;1.0;5.0
1657;27012;37.0;165.0;21.0;78.0;140.0;2.0;8.0
1658;27013;16.0;151.0;13.0;56.0;125.0;5.0;20.0
1659;27014;28.0;92.0;16.0;59.0;74.0;2.0;25.0
1660;27015;7.0;41.0;2.0;24.0;40.0;1.0;5.0
1661;27016;18.0;108.0;7.0;39.0;57.0;1.0;14.0
1662;27017;16.0;118.0;5.0;25.0;70.0;1.0;17.0
1663;28001;1.0;7.0;2.0;3.0;16.0;0.0;3.0
1664;28002;18.0;17.0;5.0;14.0;58.0;2.0;5.0
1665;28003;103.0;154.0;44.0;152.0;270.0;13.0;86.0
1666;28004;4.0;6.0;2.0;3.0;13.0;0.0;2.0
1667;28005;1.0;0.0;1.0;0.0;3.0;0.0;0.0
1668;28006;0.0;1.0;0.0;0.0;2.0;0.0;0.0
1669;28007;16.0;12.0;4.0;13.0;31.0;0.0;4.0
1670;28008;1.0;0.0;0.0;0.0;0.0;0.0;0.0
1671;28009;137.0;213.0;60.0;102.0;296.0;22.0;65.0
1672;28010;0.0;1.0;0.0;0.0;1.0;0.0;0.0
1673;28011;5.0;8.0;1.0;2.0;2.0;0.0;2.0
1674;28012;12.0;20.0;12.0;30.0;80.0;0.0;20.0
1675;28013;0.0;4.0;1.0;1.0;3.0;0.0;1.0
1676;28014;1.0;0.0;0.0;4.0;12.0;1.0;1.0
1677;28015;8.0;11.0;4.0;15.0;44.0;0.0;5.0
1678;28016;3.0;12.0;5.0;7.0;23.0;0.0;0.0
1679;28017;4.0;39.0;1.0;9.0;18.0;0.0;3.0
1680;28018;3.0;4.0;0.0;5.0;13.0;1.0;0.0
1681;28019;3.0;11.0;1.0;7.0;7.0;0.0;1.0
1682;28020;0.0;0.0;0.0;0.0;2.0;0.0;1.0
1683;28021;58.0;163.0;29.0;47.0;176.0;5.0;31.0
1684;28022;188.0;259.0;137.0;253.0;707.0;46.0;52.0
1685;28023;0.0;0.0;0.0;0.0;2.0;0.0;0.0
1686;28024;6.0;0.0;1.0;10.0;18.0;0.0;1.0
1687;28025;28.0;16.0;5.0;29.0;64.0;6.0;5.0
1688;28026;1.0;2.0;0.0;0.0;0.0;0.0;0.0
1689;28027;175.0;137.0;42.0;169.0;609.0;48.0;51.0
1690;28028;3.0;8.0;3.0;2.0;9.0;0.0;1.0
1691;28029;11.0;14.0;3.0;4.0;26.0;0.0;3.0
1692;28030;5.0;26.0;3.0;17.0;27.0;1.0;0.0
1693;28031;1.0;2.0;0.0;0.0;0.0;0.0;0.0
1694;28032;182.0;207.0;93.0;204.0;579.0;60.0;87.0
1695;28033;44.0;41.0;29.0;58.0;232.0;4.0;13.0
1696;28034;1.0;3.0;0.0;5.0;1.0;0.0;0.0
1697;28035;25.0;12.0;8.0;25.0;70.0;1.0;2.0
1698;28037;6.0;5.0;4.0;13.0;39.0;0.0;4.0
1699;28038;285.0;385.0;84.0;196.0;553.0;50.0;96.0
1700;28039;16.0;64.0;4.0;15.0;23.0;0.0;1.0
1701;28040;15.0;21.0;25.0;77.0;115.0;5.0;13.0
1702;28041;159.0;401.0;66.0;180.0;306.0;30.0;60.0
1703;28042;0.0;0.0;0.0;1.0;9.0;0.0;0.0
1704;28043;9.0;17.0;6.0;16.0;26.0;0.0;6.0
1705;29001;1.0;8.0;1.0;11.0;33.0;0.0;5.0
1706;29002;11.0;18.0;1.0;10.0;28.0;4.0;11.0
1707;29003;1.0;0.0;0.0;0.0;1.0;0.0;1.0
1708;29004;3.0;3.0;0.0;2.0;10.0;1.0;6.0
1709;29005;109.0;116.0;26.0;84.0;187.0;10.0;108.0
1710;29006;35.0;62.0;9.0;20.0;75.0;4.0;62.0
1711;29007;23.0;5.0;3.0;6.0;17.0;0.0;14.0
1712;29008;5.0;10.0;0.0;7.0;14.0;1.0;19.0
1713;29009;0.0;2.0;1.0;0.0;9.0;0.0;2.0
1714;29010;45.0;92.0;17.0;59.0;153.0;3.0;47.0
1715;29011;1.0;7.0;0.0;2.0;3.0;0.0;2.0
1716;29012;1.0;2.0;0.0;1.0;1.0;0.0;0.0
1717;29013;41.0;85.0;13.0;42.0;108.0;2.0;55.0
1718;29014;8.0;5.0;1.0;5.0;11.0;0.0;3.0
1719;29015;12.0;27.0;1.0;26.0;33.0;0.0;17.0
1720;29016;3.0;4.0;1.0;5.0;10.0;0.0;4.0
1721;29017;1.0;9.0;1.0;8.0;25.0;0.0;5.0
1722;29018;5.0;8.0;2.0;8.0;44.0;1.0;13.0
1723;29019;6.0;19.0;3.0;12.0;33.0;0.0;10.0
1724;29020;0.0;9.0;1.0;3.0;5.0;0.0;2.0
1725;29021;5.0;31.0;3.0;10.0;25.0;2.0;12.0
1726;29022;1.0;4.0;0.0;1.0;3.0;0.0;3.0
1727;29023;2.0;14.0;1.0;11.0;68.0;1.0;5.0
1728;29024;4.0;10.0;2.0;8.0;12.0;0.0;5.0
1729;29025;10.0;116.0;8.0;42.0;137.0;2.0;27.0
1730;29026;5.0;13.0;0.0;6.0;26.0;0.0;7.0
1731;29027;2.0;10.0;0.0;6.0;12.0;0.0;4.0
1732;29028;8.0;11.0;1.0;9.0;24.0;0.0;12.0
1733;29029;2.0;4.0;1.0;1.0;4.0;0.0;2.0
1734;29030;2.0;3.0;0.0;5.0;9.0;0.0;3.0
1735;29031;5.0;30.0;2.0;20.0;24.0;1.0;19.0
1736;29032;13.0;2.0;1.0;5.0;9.0;0.0;1.0
1737;29033;167.0;102.0;18.0;64.0;182.0;19.0;103.0
1738;29034;11.0;22.0;5.0;14.0;36.0;0.0;20.0
1739;29035;1.0;1.0;0.0;2.0;10.0;0.0;1.0
1740;29036;6.0;7.0;2.0;9.0;16.0;0.0;6.0
1741;29037;1.0;3.0;0.0;2.0;6.0;0.0;4.0
1742;29038;3.0;11.0;3.0;8.0;24.0;0.0;14.0
1743;29039;9.0;7.0;2.0;13.0;18.0;0.0;16.0
1744;29040;1.0;5.0;0.0;2.0;3.0;1.0;13.0
1745;29041;16.0;20.0;7.0;26.0;47.0;3.0;31.0
1746;29042;7.0;17.0;3.0;13.0;18.0;0.0;12.0
1747;29043;14.0;14.0;4.0;12.0;28.0;1.0;20.0
1748;29044;22.0;59.0;10.0;41.0;107.0;0.0;27.0
1749;29045;3.0;7.0;0.0;2.0;6.0;0.0;2.0
1750;29046;0.0;2.0;0.0;1.0;4.0;0.0;0.0
1751;29047;1.0;2.0;0.0;2.0;5.0;0.0;2.0
1752;29048;8.0;13.0;6.0;9.0;17.0;0.0;11.0
1753;29049;1.0;1.0;0.0;5.0;4.0;0.0;2.0
1754;29050;2.0;2.0;1.0;4.0;13.0;0.0;8.0
1755;29051;1.0;4.0;0.0;3.0;7.0;0.0;0.0
1756;29052;1.0;2.0;1.0;5.0;5.0;0.0;1.0
1757;29053;1.0;3.0;0.0;5.0;3.0;0.0;1.0
1758;29054;1.0;6.0;0.0;3.0;2.0;0.0;3.0
1759;29055;0.0;2.0;0.0;0.0;1.0;0.0;0.0
1760;29056;2.0;2.0;0.0;7.0;4.0;0.0;1.0
1761;29057;0.0;6.0;0.0;4.0;5.0;0.0;5.0
1762;29058;1.0;5.0;1.0;4.0;5.0;1.0;0.0
1763;29059;2.0;2.0;1.0;2.0;8.0;1.0;3.0
1764;29060;2.0;3.0;0.0;1.0;5.0;1.0;7.0
1765;30001;4.0;10.0;0.0;2.0;2.0;1.0;8.0
1766;30002;1.0;2.0;0.0;2.0;7.0;0.0;4.0
1767;30003;58.0;180.0;39.0;60.0;73.0;6.0;22.0
1768;30004;4.0;41.0;4.0;11.0;13.0;0.0;5.0
1769;30005;1.0;4.0;2.0;0.0;5.0;0.0;1.0
1770;30006;0.0;19.0;0.0;8.0;5.0;0.0;1.0
1771;30007;0.0;4.0;0.0;1.0;2.0;0.0;0.0
1772;30008;0.0;5.0;0.0;2.0;4.0;0.0;0.0
1773;30009;8.0;22.0;1.0;9.0;17.0;2.0;7.0
1774;3001;51.0;83.0;37.0;46.0;90.0;4.0;14.0
1775;30010;21.0;54.0;4.0;24.0;40.0;1.0;20.0
1776;30011;28.0;108.0;54.0;28.0;43.0;1.0;22.0
1777;30012;1.0;3.0;2.0;0.0;2.0;0.0;1.0
1778;30013;29.0;59.0;10.0;23.0;77.0;1.0;12.0
1779;30014;21.0;90.0;2.0;34.0;30.0;0.0;22.0
1780;30015;9.0;35.0;5.0;15.0;28.0;0.0;6.0
1781;30016;22.0;62.0;18.0;25.0;52.0;1.0;25.0
1782;30017;1.0;3.0;0.0;1.0;2.0;0.0;0.0
1783;30018;0.0;0.0;0.0;0.0;1.0;0.0;0.0
1784;30019;1.0;3.0;0.0;1.0;4.0;0.0;3.0
1785;3002;37.0;29.0;16.0;56.0;57.0;2.0;20.0
1786;30020;1.0;1.0;0.0;1.0;3.0;0.0;2.0
1787;30021;9.0;87.0;10.0;25.0;19.0;0.0;19.0
1788;30022;0.0;41.0;0.0;8.0;22.0;0.0;7.0
1789;30023;5.0;6.0;0.0;3.0;18.0;0.0;17.0
1790;30024;2.0;11.0;2.0;4.0;6.0;0.0;4.0
1791;30025;3.0;10.0;0.0;3.0;7.0;0.0;4.0
1792;30026;15.0;57.0;2.0;24.0;17.0;2.0;41.0
1793;30027;6.0;2.0;2.0;6.0;6.0;0.0;1.0
1794;30028;171.0;482.0;74.0;101.0;184.0;48.0;81.0
1795;30029;1.0;1.0;0.0;1.0;0.0;0.0;0.0
1796;3003;311.0;193.0;125.0;288.0;220.0;39.0;73.0
1797;30030;21.0;132.0;6.0;37.0;73.0;1.0;46.0
1798;30031;0.0;2.0;0.0;2.0;2.0;0.0;0.0
1799;30032;43.0;58.0;15.0;15.0;29.0;1.0;11.0
1800;30033;10.0;11.0;1.0;9.0;14.0;0.0;4.0
1801;30034;21.0;24.0;3.0;19.0;58.0;1.0;24.0
1802;30035;3.0;10.0;1.0;7.0;11.0;0.0;3.0
1803;30036;1.0;10.0;2.0;8.0;13.0;0.0;12.0
1804;30037;1.0;3.0;0.0;0.0;3.0;0.0;0.0
1805;30038;82.0;201.0;17.0;55.0;84.0;4.0;49.0
1806;30039;171.0;762.0;119.0;241.0;384.0;42.0;115.0
1807;30040;7.0;66.0;1.0;29.0;45.0;0.0;8.0
1808;30041;0.0;4.0;0.0;0.0;2.0;0.0;1.0
1809;30042;3.0;8.0;0.0;2.0;10.0;0.0;1.0
1810;30043;1.0;12.0;1.0;5.0;6.0;0.0;6.0
1811;30044;183.0;606.0;45.0;177.0;276.0;13.0;230.0
1812;30045;31.0;160.0;12.0;48.0;123.0;1.0;47.0
1813;30046;1.0;6.0;0.0;3.0;2.0;0.0;5.0
1814;30047;18.0;57.0;0.0;31.0;39.0;0.0;9.0
1815;30048;22.0;245.0;22.0;89.0;87.0;1.0;29.0
1816;30049;2.0;30.0;3.0;8.0;13.0;0.0;2.0
1817;30050;2.0;5.0;0.0;2.0;12.0;0.0;2.0
1818;30051;6.0;16.0;0.0;10.0;26.0;1.0;5.0
1819;30052;3.0;20.0;1.0;8.0;14.0;0.0;11.0
1820;30053;26.0;81.0;8.0;32.0;51.0;1.0;17.0
1821;30054;0.0;23.0;1.0;3.0;8.0;0.0;5.0
1822;30055;1.0;6.0;0.0;0.0;4.0;0.0;0.0
1823;30056;1.0;1.0;0.0;0.0;1.0;0.0;1.0
1824;30057;1.0;3.0;0.0;0.0;7.0;0.0;6.0
1825;30058;13.0;6.0;1.0;12.0;23.0;2.0;13.0
1826;30059;3.0;33.0;5.0;9.0;8.0;1.0;5.0
1827;30060;0.0;47.0;0.0;3.0;20.0;0.0;0.0
1828;30061;33.0;111.0;14.0;67.0;82.0;2.0;19.0
1829;30062;2.0;19.0;1.0;17.0;11.0;0.0;6.0
1830;30063;2.0;5.0;0.0;4.0;9.0;0.0;4.0
1831;30064;0.0;1.0;0.0;0.0;3.0;0.0;0.0
1832;30065;49.0;169.0;10.0;32.0;56.0;0.0;24.0
1833;30066;4.0;15.0;0.0;9.0;26.0;0.0;8.0
1834;30067;1.0;0.0;0.0;6.0;10.0;0.0;0.0
1835;30068;25.0;197.0;8.0;44.0;61.0;5.0;47.0
1836;30069;17.0;28.0;7.0;14.0;34.0;1.0;11.0
1837;30070;2.0;19.0;3.0;6.0;8.0;0.0;0.0
1838;30071;57.0;120.0;7.0;26.0;57.0;3.0;24.0
1839;30072;9.0;14.0;2.0;8.0;7.0;0.0;10.0
1840;30073;5.0;40.0;6.0;13.0;15.0;0.0;2.0
1841;30074;1.0;15.0;0.0;1.0;4.0;0.0;1.0
1842;30075;3.0;15.0;2.0;5.0;6.0;0.0;7.0
1843;30076;1.0;0.0;0.0;0.0;0.0;0.0;3.0
1844;30077;17.0;73.0;6.0;30.0;45.0;1.0;19.0
1845;30078;1.0;3.0;1.0;2.0;3.0;0.0;1.0
1846;30079;1.0;3.0;0.0;2.0;2.0;0.0;3.0
1847;3008;400.0;253.0;129.0;243.0;293.0;53.0;70.0
1848;30080;1.0;20.0;0.0;7.0;10.0;0.0;1.0
1849;30081;1.0;53.0;1.0;15.0;22.0;1.0;10.0
1850;30082;7.0;20.0;4.0;10.0;7.0;1.0;14.0
1851;30083;7.0;16.0;0.0;8.0;8.0;0.0;4.0
1852;30084;0.0;5.0;0.0;3.0;3.0;0.0;2.0
1853;30085;11.0;186.0;6.0;62.0;80.0;2.0;50.0
1854;30086;7.0;22.0;1.0;14.0;27.0;1.0;10.0
1855;30087;436.0;682.0;95.0;434.0;485.0;62.0;717.0
1856;30088;7.0;8.0;2.0;8.0;11.0;0.0;4.0
1857;30089;21.0;94.0;10.0;30.0;29.0;1.0;25.0
1858;3009;29.0;12.0;8.0;19.0;21.0;3.0;6.0
1859;30090;0.0;5.0;1.0;1.0;7.0;0.0;0.0
1860;30091;8.0;21.0;4.0;13.0;23.0;1.0;4.0
1861;30092;17.0;69.0;3.0;13.0;31.0;2.0;14.0
1862;30093;2.0;7.0;0.0;6.0;7.0;0.0;4.0
1863;30094;18.0;60.0;5.0;22.0;47.0;0.0;15.0
1864;30095;5.0;38.0;1.0;5.0;13.0;0.0;7.0
1865;30096;0.0;0.0;0.0;1.0;0.0;0.0;0.0
1866;30097;21.0;55.0;11.0;17.0;31.0;1.0;14.0
1867;30098;0.0;4.0;0.0;1.0;0.0;0.0;1.0
1868;30099;0.0;57.0;0.0;12.0;35.0;1.0;10.0
1869;30100;2.0;24.0;4.0;5.0;20.0;0.0;1.0
1870;30101;0.0;70.0;1.0;20.0;14.0;0.0;18.0
1871;30102;76.0;189.0;27.0;57.0;161.0;5.0;87.0
1872;30103;4.0;1.0;0.0;2.0;4.0;0.0;2.0
1873;30104;2.0;11.0;8.0;12.0;3.0;0.0;0.0
1874;30105;8.0;144.0;11.0;33.0;45.0;6.0;11.0
1875;30106;0.0;1.0;0.0;4.0;1.0;0.0;2.0
1876;30107;0.0;1.0;0.0;0.0;0.0;0.0;0.0
1877;30108;81.0;491.0;60.0;119.0;207.0;11.0;56.0
1878;30109;20.0;77.0;5.0;30.0;92.0;0.0;27.0
1879;30110;0.0;0.0;0.0;0.0;2.0;0.0;0.0
1880;30111;3.0;26.0;4.0;13.0;10.0;1.0;4.0
1881;30112;11.0;32.0;3.0;10.0;14.0;0.0;5.0
1882;30113;0.0;7.0;0.0;2.0;5.0;0.0;0.0
1883;30114;4.0;5.0;2.0;5.0;5.0;0.0;7.0
1884;30115;8.0;108.0;0.0;21.0;31.0;0.0;19.0
1885;30116;3.0;65.0;3.0;14.0;12.0;1.0;7.0
1886;30117;2.0;20.0;0.0;9.0;15.0;0.0;10.0
1887;30118;184.0;555.0;39.0;109.0;255.0;17.0;239.0
1888;30119;2.0;9.0;2.0;5.0;6.0;0.0;4.0
1889;30120;4.0;23.0;2.0;16.0;8.0;0.0;1.0
1890;30121;8.0;9.0;2.0;8.0;25.0;0.0;5.0
1891;30122;3.0;16.0;4.0;9.0;8.0;0.0;1.0
1892;30123;31.0;88.0;13.0;32.0;87.0;0.0;31.0
1893;30124;47.0;122.0;12.0;43.0;145.0;2.0;44.0
1894;30125;8.0;32.0;4.0;20.0;26.0;0.0;18.0
1895;30126;3.0;39.0;1.0;13.0;11.0;0.0;5.0
1896;30127;1.0;14.0;0.0;4.0;4.0;0.0;2.0
1897;30128;43.0;96.0;17.0;36.0;86.0;4.0;62.0
1898;30129;5.0;33.0;1.0;8.0;17.0;0.0;5.0
1899;30130;19.0;69.0;3.0;27.0;54.0;1.0;13.0
1900;30131;164.0;300.0;36.0;101.0;305.0;12.0;120.0
1901;30132;5.0;21.0;3.0;14.0;20.0;0.0;10.0
1902;30133;13.0;48.0;20.0;27.0;67.0;2.0;8.0
1903;30134;3.0;16.0;2.0;0.0;4.0;1.0;3.0
1904;30135;3.0;48.0;0.0;14.0;10.0;0.0;6.0
1905;30136;0.0;6.0;0.0;4.0;4.0;0.0;4.0
1906;30137;0.0;1.0;0.0;0.0;1.0;0.0;0.0
1907;30138;9.0;145.0;7.0;31.0;55.0;3.0;50.0
1908;30139;3.0;4.0;0.0;0.0;3.0;0.0;0.0
1909;30140;0.0;4.0;0.0;0.0;1.0;0.0;0.0
1910;30141;37.0;166.0;24.0;46.0;63.0;2.0;27.0
1911;30142;7.0;34.0;3.0;7.0;8.0;0.0;3.0
1912;30143;9.0;54.0;4.0;14.0;26.0;0.0;7.0
1913;30144;26.0;38.0;3.0;17.0;13.0;0.0;24.0
1914;30145;0.0;17.0;3.0;5.0;4.0;0.0;0.0
1915;30146;0.0;0.0;0.0;1.0;2.0;0.0;0.0
1916;30147;0.0;13.0;0.0;3.0;4.0;0.0;0.0
1917;30148;3.0;63.0;6.0;12.0;24.0;1.0;6.0
1918;30149;1.0;14.0;2.0;12.0;7.0;0.0;2.0
1919;30150;1.0;6.0;3.0;3.0;23.0;0.0;13.0
1920;30151;6.0;21.0;2.0;1.0;11.0;0.0;2.0
1921;30152;7.0;7.0;4.0;1.0;12.0;0.0;1.0
1922;30153;0.0;0.0;0.0;0.0;1.0;0.0;0.0
1923;30154;0.0;1.0;0.0;0.0;3.0;0.0;2.0
1924;30155;54.0;43.0;8.0;33.0;84.0;0.0;19.0
1925;30156;1.0;0.0;0.0;0.0;0.0;0.0;2.0
1926;30157;1.0;3.0;0.0;5.0;10.0;0.0;2.0
1927;30158;80.0;52.0;35.0;14.0;33.0;0.0;7.0
1928;30159;2.0;2.0;0.0;4.0;2.0;0.0;4.0
1929;30160;75.0;86.0;6.0;40.0;118.0;2.0;54.0
1930;30161;15.0;9.0;4.0;12.0;17.0;0.0;8.0
1931;30162;1.0;4.0;1.0;0.0;3.0;0.0;0.0
1932;30163;1.0;4.0;0.0;0.0;2.0;0.0;1.0
1933;30164;5.0;27.0;3.0;9.0;13.0;1.0;16.0
1934;30165;0.0;0.0;1.0;1.0;4.0;0.0;2.0
1935;30166;0.0;3.0;0.0;0.0;3.0;0.0;2.0
1936;30167;0.0;34.0;1.0;8.0;10.0;0.0;3.0
1937;30168;2.0;16.0;0.0;5.0;6.0;0.0;3.0
1938;30169;8.0;31.0;2.0;10.0;16.0;0.0;5.0
1939;30170;4.0;1.0;0.0;0.0;2.0;0.0;0.0
1940;30171;0.0;3.0;0.0;1.0;0.0;0.0;3.0
1941;30172;0.0;22.0;0.0;6.0;8.0;0.0;3.0
1942;30173;15.0;58.0;3.0;15.0;40.0;0.0;17.0
1943;30174;51.0;331.0;21.0;64.0;170.0;4.0;65.0
1944;30175;27.0;83.0;4.0;22.0;69.0;0.0;14.0
1945;30176;1.0;29.0;2.0;8.0;13.0;0.0;0.0
1946;30177;1.0;0.0;0.0;2.0;0.0;0.0;3.0
1947;30178;15.0;30.0;5.0;5.0;13.0;0.0;4.0
1948;30179;1.0;5.0;0.0;1.0;6.0;0.0;3.0
1949;30180;2.0;10.0;0.0;1.0;2.0;0.0;0.0
1950;30181;10.0;48.0;4.0;19.0;26.0;1.0;15.0
1951;30182;0.0;6.0;0.0;6.0;9.0;0.0;7.0
1952;30183;33.0;99.0;3.0;30.0;132.0;2.0;58.0
1953;30184;0.0;4.0;0.0;5.0;2.0;0.0;3.0
1954;30185;2.0;12.0;0.0;0.0;5.0;0.0;2.0
1955;30186;2.0;9.0;0.0;3.0;7.0;1.0;2.0
1956;30187;0.0;1.0;0.0;3.0;0.0;0.0;0.0
1957;30188;2.0;5.0;0.0;6.0;8.0;0.0;4.0
1958;30189;103.0;147.0;48.0;68.0;154.0;6.0;54.0
1959;30190;0.0;8.0;1.0;2.0;10.0;0.0;0.0
1960;30191;6.0;90.0;62.0;32.0;44.0;1.0;13.0
1961;30192;28.0;15.0;8.0;14.0;27.0;1.0;17.0
1962;30193;333.0;1912.0;216.0;322.0;632.0;71.0;337.0
1963;30194;1.0;7.0;2.0;5.0;14.0;0.0;5.0
1964;30195;0.0;0.0;0.0;3.0;1.0;0.0;1.0
1965;30196;8.0;34.0;4.0;13.0;16.0;0.0;10.0
1966;30197;0.0;7.0;0.0;3.0;3.0;1.0;1.0
1967;30198;0.0;2.0;0.0;1.0;1.0;0.0;5.0
1968;30199;0.0;16.0;3.0;14.0;19.0;0.0;2.0
1969;30200;0.0;2.0;0.0;1.0;1.0;0.0;2.0
1970;30201;14.0;22.0;0.0;7.0;23.0;2.0;28.0
1971;30202;5.0;5.0;0.0;0.0;0.0;0.0;1.0
1972;30203;2.0;2.0;0.0;2.0;6.0;0.0;5.0
1973;30204;21.0;50.0;12.0;26.0;35.0;0.0;16.0
1974;30205;10.0;25.0;2.0;17.0;18.0;0.0;6.0
1975;30206;14.0;58.0;11.0;28.0;31.0;1.0;7.0
1976;30207;15.0;130.0;9.0;42.0;77.0;2.0;32.0
1977;30208;6.0;57.0;4.0;12.0;25.0;4.0;11.0
1978;30209;5.0;16.0;4.0;6.0;9.0;0.0;1.0
1979;30210;10.0;8.0;2.0;6.0;11.0;0.0;2.0
1980;30211;12.0;46.0;5.0;10.0;21.0;0.0;7.0
1981;30212;1.0;1.0;0.0;3.0;6.0;0.0;1.0
1982;31001;0.0;5.0;0.0;2.0;4.0;0.0;2.0
1983;31002;4.0;20.0;1.0;13.0;9.0;0.0;17.0
1984;31003;5.0;66.0;0.0;18.0;17.0;0.0;9.0
1985;31004;2.0;16.0;0.0;7.0;4.0;0.0;10.0
1986;31005;0.0;4.0;0.0;5.0;5.0;0.0;1.0
1987;31006;6.0;22.0;2.0;9.0;13.0;4.0;10.0
1988;31007;3.0;45.0;3.0;12.0;14.0;3.0;16.0
1989;31008;0.0;5.0;0.0;3.0;1.0;0.0;1.0
1990;31009;1.0;13.0;0.0;6.0;5.0;0.0;11.0
1991;31010;0.0;10.0;0.0;0.0;0.0;0.0;2.0
1992;31011;15.0;35.0;6.0;14.0;12.0;1.0;16.0
1993;31012;0.0;10.0;0.0;3.0;3.0;3.0;10.0
1994;31013;1.0;29.0;4.0;25.0;17.0;1.0;21.0
1995;31014;1.0;3.0;0.0;1.0;0.0;0.0;1.0
1996;31015;1.0;6.0;0.0;3.0;4.0;0.0;5.0
1997;31016;0.0;7.0;0.0;2.0;0.0;0.0;1.0
1998;31017;0.0;3.0;0.0;0.0;1.0;0.0;0.0
1999;31018;0.0;10.0;1.0;1.0;4.0;0.0;1.0
2000;31019;2.0;40.0;2.0;28.0;9.0;0.0;4.0
2001;31020;0.0;15.0;1.0;7.0;4.0;0.0;8.0
2002;31021;0.0;6.0;0.0;4.0;8.0;0.0;0.0
2003;31022;0.0;3.0;0.0;0.0;1.0;0.0;1.0
2004;31023;5.0;26.0;2.0;9.0;5.0;1.0;7.0
2005;31024;1.0;10.0;1.0;5.0;2.0;0.0;1.0
2006;31025;5.0;21.0;0.0;3.0;11.0;0.0;6.0
2007;31026;2.0;16.0;0.0;4.0;5.0;1.0;2.0
2008;31027;2.0;20.0;0.0;19.0;9.0;0.0;16.0
2009;31028;2.0;16.0;3.0;8.0;6.0;0.0;9.0
2010;31029;3.0;17.0;1.0;5.0;4.0;0.0;11.0
2011;31030;0.0;14.0;0.0;1.0;0.0;0.0;2.0
2012;31031;0.0;4.0;0.0;4.0;1.0;0.0;3.0
2013;31032;3.0;34.0;1.0;5.0;7.0;0.0;4.0
2014;31033;8.0;46.0;7.0;31.0;22.0;1.0;9.0
2015;31034;0.0;12.0;0.0;4.0;4.0;0.0;6.0
2016;31035;1.0;12.0;1.0;5.0;9.0;0.0;6.0
2017;31036;6.0;19.0;1.0;11.0;9.0;1.0;8.0
2018;31037;1.0;20.0;1.0;5.0;3.0;0.0;3.0
2019;31038;9.0;53.0;9.0;31.0;25.0;0.0;27.0
2020;31039;0.0;3.0;1.0;11.0;7.0;0.0;10.0
2021;31040;15.0;101.0;9.0;38.0;49.0;0.0;38.0
2022;31041;12.0;183.0;18.0;97.0;99.0;3.0;115.0
2023;31042;0.0;3.0;0.0;3.0;0.0;0.0;6.0
2024;31043;3.0;8.0;0.0;5.0;3.0;0.0;3.0
2025;31044;2.0;19.0;2.0;4.0;3.0;0.0;6.0
2026;31045;1.0;16.0;0.0;1.0;1.0;0.0;0.0
2027;31046;0.0;15.0;0.0;1.0;6.0;0.0;4.0
2028;31047;4.0;15.0;2.0;3.0;6.0;0.0;2.0
2029;31048;11.0;54.0;6.0;13.0;13.0;2.0;16.0
2030;31049;0.0;6.0;0.0;1.0;2.0;0.0;2.0
2031;31050;783.0;1473.0;234.0;816.0;1217.0;196.0;1421.0
2032;31051;0.0;2.0;1.0;3.0;2.0;0.0;3.0
2033;31052;20.0;116.0;5.0;37.0;36.0;2.0;45.0
2034;31053;8.0;62.0;3.0;15.0;14.0;1.0;9.0
2035;31054;0.0;6.0;0.0;2.0;1.0;0.0;1.0
2036;31055;1.0;20.0;0.0;5.0;1.0;0.0;1.0
2037;31056;18.0;134.0;9.0;29.0;31.0;0.0;30.0
2038;31057;0.0;18.0;3.0;7.0;8.0;1.0;3.0
2039;31058;12.0;65.0;4.0;22.0;28.0;2.0;11.0
2040;31059;85.0;85.0;111.0;54.0;86.0;4.0;99.0
2041;31060;0.0;6.0;0.0;0.0;1.0;0.0;0.0
2042;31061;6.0;10.0;6.0;2.0;2.0;0.0;6.0
2043;31062;1.0;15.0;0.0;9.0;8.0;0.0;5.0
2044;31063;12.0;19.0;1.0;2.0;2.0;2.0;1.0
2045;31064;0.0;7.0;0.0;2.0;1.0;0.0;0.0
2046;31065;7.0;4.0;1.0;0.0;1.0;1.0;2.0
2047;31066;4.0;13.0;1.0;4.0;3.0;0.0;0.0
2048;31067;0.0;16.0;0.0;10.0;4.0;1.0;6.0
2049;31068;2.0;4.0;0.0;1.0;1.0;0.0;4.0
2050;31069;3.0;27.0;1.0;8.0;2.0;0.0;2.0
2051;31070;0.0;11.0;1.0;6.0;8.0;0.0;3.0
2052;31071;0.0;6.0;0.0;0.0;0.0;0.0;1.0
2053;31072;0.0;7.0;0.0;0.0;1.0;0.0;2.0
2054;31073;0.0;7.0;0.0;5.0;2.0;0.0;0.0
2055;31074;0.0;12.0;0.0;2.0;1.0;0.0;2.0
2056;31075;3.0;11.0;1.0;6.0;6.0;0.0;4.0
2057;31076;2.0;40.0;1.0;13.0;3.0;0.0;11.0
2058;31077;0.0;16.0;0.0;5.0;1.0;0.0;6.0
2059;31078;3.0;19.0;0.0;5.0;2.0;0.0;1.0
2060;31079;15.0;107.0;6.0;35.0;62.0;3.0;36.0
2061;31080;1.0;33.0;3.0;13.0;13.0;0.0;18.0
2062;31081;0.0;4.0;0.0;3.0;0.0;0.0;1.0
2063;31082;2.0;20.0;0.0;4.0;5.0;0.0;7.0
2064;31083;15.0;16.0;23.0;3.0;0.0;0.0;5.0
2065;31084;1.0;12.0;0.0;4.0;0.0;0.0;6.0
2066;31085;2.0;28.0;1.0;10.0;8.0;0.0;5.0
2067;31086;0.0;10.0;1.0;1.0;1.0;0.0;5.0
2068;31087;0.0;16.0;1.0;6.0;3.0;1.0;4.0
2069;31088;1.0;4.0;0.0;1.0;0.0;0.0;0.0
2070;31089;28.0;179.0;12.0;33.0;79.0;1.0;55.0
2071;31090;0.0;6.0;0.0;1.0;1.0;0.0;3.0
2072;31091;15.0;29.0;2.0;5.0;8.0;0.0;9.0
2073;31092;0.0;4.0;0.0;3.0;6.0;0.0;2.0
2074;31093;3.0;33.0;4.0;14.0;25.0;2.0;21.0
2075;31094;0.0;6.0;0.0;0.0;0.0;0.0;1.0
2076;31095;0.0;14.0;1.0;5.0;3.0;0.0;4.0
2077;31096;18.0;187.0;9.0;58.0;78.0;6.0;44.0
2078;31097;0.0;12.0;3.0;9.0;8.0;0.0;4.0
2079;31098;0.0;55.0;2.0;9.0;21.0;1.0;14.0
2080;31099;0.0;10.0;1.0;0.0;3.0;0.0;0.0
2081;31100;2.0;8.0;0.0;0.0;0.0;0.0;3.0
2082;31101;27.0;143.0;15.0;53.0;49.0;3.0;69.0
2083;31102;51.0;161.0;16.0;54.0;90.0;8.0;58.0
2084;31103;0.0;6.0;0.0;0.0;2.0;0.0;1.0
2085;31104;1.0;15.0;1.0;6.0;2.0;0.0;3.0
2086;31105;0.0;8.0;0.0;6.0;6.0;0.0;5.0
2087;31106;0.0;3.0;0.0;0.0;1.0;0.0;1.0
2088;32001;1.0;7.0;2.0;2.0;14.0;1.0;0.0
2089;32002;0.0;6.0;0.0;0.0;5.0;0.0;1.0
2090;32003;5.0;4.0;0.0;1.0;3.0;0.0;0.0
2091;32004;7.0;4.0;0.0;2.0;3.0;0.0;0.0
2092;32005;6.0;118.0;7.0;66.0;49.0;4.0;6.0
2093;32006;0.0;15.0;2.0;7.0;8.0;0.0;3.0
2094;32007;13.0;9.0;4.0;7.0;11.0;0.0;3.0
2095;32008;2.0;27.0;2.0;4.0;11.0;0.0;4.0
2096;32009;0.0;16.0;3.0;9.0;6.0;1.0;1.0
2097;32010;66.0;427.0;53.0;140.0;117.0;12.0;25.0
2098;32011;5.0;2.0;0.0;3.0;6.0;0.0;0.0
2099;32012;0.0;4.0;0.0;2.0;2.0;0.0;0.0
2100;32013;0.0;3.0;1.0;6.0;6.0;0.0;0.0
2101;32014;3.0;14.0;1.0;9.0;10.0;1.0;1.0
2102;32015;0.0;0.0;0.0;1.0;2.0;0.0;0.0
2103;32016;3.0;25.0;1.0;10.0;10.0;0.0;1.0
2104;32017;69.0;308.0;40.0;119.0;197.0;12.0;42.0
2105;32018;3.0;3.0;0.0;1.0;13.0;0.0;0.0
2106;32019;5.0;52.0;8.0;17.0;69.0;1.0;4.0
2107;32020;37.0;126.0;24.0;45.0;99.0;3.0;9.0
2108;32021;0.0;3.0;0.0;2.0;0.0;0.0;2.0
2109;32022;11.0;78.0;3.0;24.0;32.0;1.0;1.0
2110;32023;0.0;35.0;2.0;10.0;15.0;3.0;0.0
2111;32024;10.0;79.0;10.0;20.0;66.0;1.0;2.0
2112;32025;3.0;30.0;2.0;5.0;8.0;0.0;3.0
2113;32026;8.0;2.0;0.0;1.0;6.0;0.0;4.0
2114;32027;0.0;0.0;0.0;0.0;0.0;0.0;2.0
2115;32028;1.0;0.0;0.0;1.0;6.0;0.0;1.0
2116;32029;4.0;55.0;2.0;21.0;19.0;0.0;10.0
2117;32030;0.0;15.0;1.0;1.0;5.0;0.0;0.0
2118;32031;5.0;7.0;1.0;3.0;17.0;2.0;4.0
2119;32032;3.0;29.0;1.0;8.0;9.0;2.0;2.0
2120;32033;3.0;4.0;0.0;2.0;3.0;0.0;0.0
2121;32034;6.0;71.0;9.0;13.0;50.0;0.0;4.0
2122;32035;0.0;7.0;0.0;1.0;3.0;0.0;0.0
2123;32036;5.0;77.0;7.0;20.0;51.0;3.0;3.0
2124;32037;0.0;9.0;0.0;13.0;3.0;0.0;0.0
2125;32038;4.0;47.0;5.0;17.0;28.0;3.0;0.0
2126;32039;17.0;140.0;7.0;34.0;54.0;3.0;19.0
2127;32040;1.0;17.0;0.0;7.0;7.0;0.0;3.0
2128;32041;0.0;0.0;0.0;2.0;0.0;0.0;1.0
2129;32042;12.0;82.0;11.0;35.0;51.0;0.0;10.0
2130;32043;1.0;0.0;0.0;0.0;2.0;0.0;0.0
2131;32044;2.0;20.0;1.0;12.0;30.0;0.0;3.0
2132;32045;5.0;19.0;1.0;3.0;15.0;0.0;3.0
2133;32046;4.0;5.0;1.0;0.0;11.0;0.0;0.0
2134;32047;10.0;7.0;0.0;4.0;11.0;0.0;0.0
2135;32048;11.0;111.0;5.0;20.0;59.0;2.0;7.0
2136;32049;7.0;39.0;4.0;16.0;29.0;0.0;4.0
2137;32050;0.0;4.0;0.0;1.0;7.0;0.0;0.0
2138;32051;8.0;44.0;6.0;31.0;17.0;0.0;1.0
2139;32052;1.0;24.0;2.0;9.0;16.0;0.0;2.0
2140;32053;1.0;14.0;2.0;7.0;11.0;0.0;0.0
2141;32054;0.0;17.0;2.0;9.0;10.0;0.0;0.0
2142;32055;10.0;69.0;9.0;22.0;48.0;2.0;3.0
2143;32056;134.0;305.0;41.0;101.0;222.0;32.0;44.0
2144;32057;3.0;30.0;1.0;11.0;10.0;0.0;0.0
2145;32058;1.0;2.0;0.0;2.0;4.0;1.0;0.0
2146;4001;14.0;118.0;22.0;51.0;60.0;2.0;26.0
2147;4002;160.0;611.0;61.0;259.0;354.0;29.0;131.0
2148;4003;152.0;385.0;108.0;221.0;332.0;28.0;68.0
2149;4004;36.0;204.0;37.0;75.0;91.0;3.0;37.0
2150;4005;4.0;64.0;8.0;19.0;19.0;0.0;5.0
2151;4006;12.0;52.0;5.0;19.0;10.0;0.0;12.0
2152;4007;2.0;19.0;1.0;3.0;10.0;0.0;3.0
2153;4008;3.0;29.0;5.0;11.0;15.0;0.0;5.0
2154;4009;13.0;118.0;9.0;36.0;49.0;2.0;22.0
2155;4010;15.0;31.0;1.0;12.0;12.0;1.0;3.0
2156;4011;15.0;38.0;3.0;21.0;27.0;0.0;3.0
2157;5002;51.0;84.0;6.0;81.0;83.0;7.0;7.0
2158;5003;13.0;9.0;3.0;20.0;18.0;1.0;4.0
2159;5004;18.0;13.0;3.0;6.0;8.0;1.0;2.0
2160;5005;0.0;0.0;0.0;1.0;2.0;0.0;0.0
2161;5006;12.0;9.0;1.0;18.0;14.0;2.0;6.0
2162;5007;6.0;5.0;1.0;11.0;8.0;0.0;0.0
2163;5009;15.0;74.0;9.0;22.0;27.0;2.0;16.0
2164;5010;36.0;65.0;8.0;61.0;49.0;10.0;21.0
2165;5011;5.0;7.0;1.0;8.0;3.0;0.0;1.0
2166;5012;2.0;0.0;0.0;1.0;0.0;0.0;0.0
2167;5013;1.0;0.0;0.0;1.0;0.0;0.0;0.0
2168;5014;1.0;5.0;0.0;7.0;2.0;1.0;1.0
2169;5015;1.0;0.0;0.0;0.0;1.0;0.0;0.0
2170;5016;1.0;0.0;0.0;0.0;1.0;2.0;0.0
2171;5017;13.0;206.0;13.0;54.0;42.0;6.0;21.0
2172;5018;112.0;105.0;20.0;186.0;157.0;29.0;39.0
2173;5019;2.0;3.0;2.0;5.0;7.0;0.0;2.0
2174;5020;23.0;10.0;14.0;50.0;63.0;1.0;9.0
2175;5021;0.0;0.0;0.0;5.0;1.0;0.0;0.0
2176;5022;14.0;10.0;2.0;13.0;19.0;0.0;8.0
2177;5023;3.0;0.0;0.0;7.0;2.0;0.0;2.0
2178;5024;25.0;35.0;9.0;30.0;25.0;2.0;2.0
2179;5025;86.0;49.0;11.0;145.0;182.0;19.0;25.0
2180;5026;0.0;0.0;0.0;0.0;0.0;0.0;2.0
2181;5027;44.0;93.0;6.0;61.0;59.0;5.0;29.0
2182;5028;29.0;25.0;10.0;57.0;115.0;6.0;14.0
2183;5029;1.0;0.0;0.0;2.0;0.0;0.0;0.0
2184;5030;341.0;626.0;59.0;426.0;439.0;101.0;192.0
2185;5031;3.0;6.0;1.0;16.0;8.0;3.0;2.0
2186;5032;18.0;6.0;14.0;34.0;57.0;2.0;6.0
2187;5033;19.0;140.0;14.0;51.0;44.0;7.0;11.0
2188;5034;3.0;4.0;1.0;8.0;1.0;1.0;1.0
2189;5035;342.0;1766.0;115.0;481.0;437.0;75.0;174.0
2190;5036;2.0;12.0;0.0;3.0;3.0;0.0;0.0
2191;5037;5.0;1.0;0.0;5.0;2.0;0.0;0.0
2192;5038;4.0;4.0;1.0;10.0;18.0;1.0;1.0
2193;6001;13.0;74.0;66.0;31.0;104.0;1.0;10.0
2194;6002;201.0;226.0;57.0;180.0;503.0;30.0;137.0
2195;6003;24.0;23.0;0.0;18.0;46.0;0.0;6.0
2196;6004;9.0;11.0;3.0;21.0;49.0;1.0;10.0
2197;6005;11.0;30.0;7.0;26.0;70.0;2.0;15.0
2198;6006;3.0;7.0;0.0;6.0;24.0;0.0;3.0
2199;6007;146.0;237.0;114.0;133.0;498.0;27.0;128.0
2200;6008;3.0;16.0;2.0;7.0;27.0;0.0;1.0
2201;6009;48.0;284.0;56.0;90.0;338.0;7.0;57.0
2202;6010;52.0;188.0;40.0;166.0;371.0;21.0;85.0
2203;7001;2.0;29.0;6.0;12.0;24.0;0.0;16.0
2204;7002;6.0;23.0;2.0;15.0;41.0;1.0;12.0
2205;7003;9.0;46.0;3.0;16.0;22.0;0.0;13.0
2206;7004;13.0;15.0;1.0;11.0;18.0;0.0;34.0
2207;7005;3.0;3.0;1.0;5.0;2.0;0.0;3.0
2208;7006;0.0;17.0;0.0;5.0;11.0;1.0;5.0
2209;7007;4.0;0.0;0.0;4.0;3.0;0.0;1.0
2210;7008;16.0;56.0;5.0;18.0;30.0;0.0;28.0
2211;7009;29.0;59.0;17.0;26.0;68.0;6.0;41.0
2212;7010;1.0;0.0;0.0;0.0;1.0;0.0;1.0
2213;7011;6.0;9.0;0.0;2.0;1.0;0.0;2.0
2214;7012;31.0;21.0;4.0;31.0;28.0;1.0;26.0
2215;7013;17.0;17.0;5.0;20.0;35.0;0.0;16.0
2216;7014;3.0;4.0;0.0;3.0;7.0;0.0;2.0
2217;7015;7.0;62.0;7.0;24.0;33.0;0.0;27.0
2218;7016;6.0;18.0;4.0;7.0;12.0;1.0;3.0
2219;7017;30.0;119.0;11.0;78.0;101.0;2.0;78.0
2220;7018;4.0;4.0;0.0;7.0;8.0;0.0;7.0
2221;7019;184.0;252.0;29.0;197.0;318.0;13.0;162.0
2222;7020;15.0;21.0;9.0;28.0;35.0;1.0;51.0
2223;7021;12.0;25.0;1.0;13.0;27.0;0.0;13.0
2224;7022;1.0;2.0;0.0;3.0;7.0;0.0;8.0
2225;7023;6.0;3.0;1.0;7.0;39.0;0.0;21.0
2226;7024;0.0;0.0;0.0;1.0;0.0;0.0;0.0
2227;7025;2.0;6.0;1.0;4.0;4.0;0.0;2.0
2228;7026;8.0;2.0;0.0;3.0;8.0;0.0;9.0
2229;7027;65.0;73.0;20.0;69.0;85.0;1.0;39.0
2230;7028;0.0;0.0;0.0;3.0;5.0;0.0;3.0
2231;7029;4.0;14.0;9.0;2.0;13.0;1.0;6.0
2232;7030;14.0;29.0;2.0;17.0;18.0;0.0;15.0
2233;7031;19.0;43.0;2.0;25.0;20.0;0.0;13.0
2234;7032;13.0;53.0;5.0;27.0;56.0;0.0;28.0
2235;7033;2.0;0.0;0.0;0.0;0.0;0.0;0.0
2236;7034;76.0;110.0;13.0;51.0;65.0;1.0;40.0
2237;7035;4.0;18.0;2.0;7.0;8.0;0.0;4.0
2238;7036;6.0;7.0;0.0;1.0;2.0;0.0;2.0
2239;7037;15.0;92.0;3.0;18.0;37.0;0.0;40.0
2240;7038;4.0;1.0;0.0;3.0;3.0;0.0;3.0
2241;7039;3.0;4.0;1.0;5.0;5.0;0.0;8.0
2242;7040;76.0;156.0;9.0;42.0;117.0;1.0;82.0
2243;7041;9.0;12.0;1.0;18.0;23.0;0.0;3.0
2244;7042;5.0;11.0;0.0;5.0;3.0;0.0;2.0
2245;7043;3.0;17.0;0.0;3.0;11.0;0.0;3.0
2246;7044;4.0;10.0;0.0;3.0;16.0;1.0;7.0
2247;7045;1.0;5.0;0.0;2.0;3.0;0.0;3.0
2248;7046;7.0;8.0;2.0;12.0;14.0;1.0;13.0
2249;7047;5.0;6.0;1.0;6.0;10.0;0.0;3.0
2250;7048;4.0;30.0;2.0;8.0;24.0;0.0;5.0
2251;7049;1.0;9.0;0.0;4.0;14.0;0.0;7.0
2252;7050;3.0;7.0;0.0;3.0;2.0;0.0;2.0
2253;7051;25.0;74.0;19.0;22.0;53.0;2.0;47.0
2254;7052;32.0;58.0;1.0;32.0;40.0;0.0;16.0
2255;7053;3.0;0.0;0.0;2.0;2.0;0.0;1.0
2256;7054;16.0;88.0;5.0;20.0;18.0;0.0;22.0
2257;7055;3.0;7.0;1.0;7.0;5.0;0.0;5.0
2258;7056;0.0;0.0;0.0;0.0;1.0;0.0;0.0
2259;7057;52.0;72.0;5.0;39.0;45.0;0.0;34.0
2260;7058;1.0;1.0;0.0;0.0;1.0;1.0;1.0
2261;7059;63.0;140.0;7.0;97.0;111.0;0.0;84.0
2262;7060;2.0;1.0;0.0;3.0;4.0;0.0;3.0
2263;7061;32.0;37.0;3.0;59.0;83.0;2.0;59.0
2264;7062;5.0;6.0;0.0;7.0;15.0;0.0;1.0
2265;7063;3.0;1.0;2.0;4.0;7.0;0.0;1.0
2266;7064;8.0;1.0;0.0;6.0;36.0;0.0;2.0
2267;7065;64.0;197.0;16.0;95.0;64.0;3.0;68.0
2268;7066;5.0;2.0;0.0;4.0;13.0;0.0;5.0
2269;7067;0.0;4.0;0.0;2.0;3.0;0.0;2.0
2270;7068;22.0;49.0;10.0;19.0;40.0;0.0;19.0
2271;7069;31.0;86.0;9.0;33.0;39.0;1.0;50.0
2272;7070;13.0;8.0;1.0;7.0;2.0;0.0;3.0
2273;7071;18.0;36.0;2.0;10.0;22.0;1.0;16.0
2274;7072;6.0;17.0;4.0;16.0;13.0;0.0;11.0
2275;7073;4.0;5.0;1.0;2.0;7.0;0.0;1.0
2276;7074;22.0;69.0;10.0;24.0;57.0;2.0;25.0
2277;7075;14.0;24.0;3.0;20.0;25.0;0.0;7.0
2278;7076;4.0;14.0;1.0;5.0;8.0;0.0;4.0
2279;7077;8.0;35.0;2.0;15.0;27.0;0.0;12.0
2280;7078;290.0;325.0;39.0;182.0;348.0;18.0;258.0
2281;7079;9.0;14.0;4.0;18.0;24.0;1.0;5.0
2282;7080;24.0;11.0;1.0;11.0;20.0;0.0;1.0
2283;7081;14.0;19.0;2.0;20.0;30.0;0.0;8.0
2284;7082;5.0;2.0;0.0;4.0;9.0;0.0;1.0
2285;7083;5.0;9.0;0.0;9.0;10.0;0.0;2.0
2286;7084;4.0;7.0;0.0;3.0;4.0;0.0;0.0
2287;7085;3.0;2.0;0.0;7.0;5.0;0.0;1.0
2288;7086;6.0;19.0;4.0;15.0;29.0;0.0;20.0
2289;7087;33.0;58.0;14.0;19.0;35.0;0.0;36.0
2290;7088;1.0;2.0;0.0;0.0;2.0;0.0;1.0
2291;7089;309.0;614.0;193.0;236.0;452.0;29.0;329.0
2292;7090;3.0;1.0;1.0;0.0;1.0;0.0;1.0
2293;7091;7.0;28.0;3.0;5.0;7.0;0.0;16.0
2294;7092;10.0;12.0;0.0;9.0;24.0;1.0;9.0
2295;7093;2.0;2.0;0.0;5.0;7.0;0.0;15.0
2296;7094;7.0;28.0;2.0;26.0;34.0;0.0;16.0
2297;7096;16.0;45.0;1.0;24.0;33.0;1.0;13.0
2298;7097;78.0;157.0;29.0;65.0;153.0;5.0;62.0
2299;7098;0.0;2.0;0.0;2.0;1.0;0.0;2.0
2300;7099;21.0;26.0;0.0;30.0;39.0;1.0;12.0
2301;7100;6.0;0.0;0.0;2.0;3.0;0.0;8.0
2302;7101;575.0;819.0;158.0;674.0;942.0;68.0;660.0
2303;7102;4.0;37.0;3.0;11.0;24.0;0.0;19.0
2304;7103;3.0;13.0;1.0;7.0;4.0;0.0;2.0
2305;7104;2.0;5.0;1.0;15.0;13.0;0.0;4.0
2306;7105;8.0;22.0;2.0;7.0;4.0;1.0;3.0
2307;7106;23.0;56.0;9.0;44.0;35.0;1.0;43.0
2308;7107;16.0;89.0;9.0;41.0;87.0;1.0;82.0
2309;7108;57.0;139.0;17.0;74.0;196.0;4.0;172.0
2310;7109;32.0;38.0;4.0;23.0;31.0;1.0;15.0
2311;7110;0.0;0.0;0.0;14.0;11.0;0.0;4.0
2312;7111;5.0;2.0;0.0;8.0;9.0;0.0;5.0
2313;7112;4.0;0.0;0.0;0.0;8.0;0.0;3.0
2314;7113;0.0;0.0;0.0;0.0;0.0;0.0;2.0
2315;7114;7.0;15.0;2.0;20.0;21.0;2.0;6.0
2316;7115;5.0;4.0;0.0;6.0;6.0;0.0;2.0
2317;7116;8.0;5.0;0.0;8.0;9.0;0.0;5.0
2318;7117;4.0;10.0;0.0;2.0;6.0;0.0;2.0
2319;7118;1.0;0.0;0.0;0.0;2.0;0.0;0.0
2320;7119;0.0;0.0;0.0;0.0;1.0;0.0;0.0
2321;7120;0.0;2.0;0.0;0.0;0.0;0.0;1.0
2322;7122;6.0;21.0;1.0;18.0;34.0;0.0;49.0
2323;7123;2.0;4.0;2.0;5.0;7.0;0.0;10.0
2324;7124;8.0;18.0;6.0;12.0;16.0;0.0;15.0
2325;8001;9.0;5.0;3.0;8.0;16.0;0.0;0.0
2326;8002;5.0;5.0;5.0;9.0;17.0;1.0;6.0
2327;8003;1.0;11.0;1.0;4.0;8.0;0.0;2.0
2328;8004;2.0;9.0;0.0;5.0;3.0;0.0;1.0
2329;8005;11.0;12.0;6.0;26.0;22.0;3.0;4.0
2330;8006;2.0;1.0;0.0;2.0;2.0;0.0;0.0
2331;8007;2.0;7.0;2.0;4.0;9.0;0.0;0.0
2332;8008;4.0;0.0;0.0;1.0;1.0;0.0;1.0
2333;8009;18.0;6.0;5.0;10.0;7.0;1.0;3.0
2334;8010;19.0;10.0;4.0;12.0;23.0;2.0;1.0
2335;8011;16.0;74.0;11.0;51.0;40.0;5.0;7.0
2336;8012;4.0;0.0;0.0;0.0;0.0;0.0;0.0
2337;8013;3.0;1.0;0.0;4.0;3.0;0.0;0.0
2338;8014;0.0;1.0;0.0;0.0;0.0;0.0;0.0
2339;8015;1.0;0.0;0.0;0.0;0.0;0.0;0.0
2340;8016;1.0;0.0;0.0;1.0;0.0;1.0;0.0
2341;8017;105.0;54.0;34.0;82.0;106.0;13.0;36.0
2342;8018;1.0;0.0;0.0;1.0;0.0;0.0;0.0
2343;8019;524.0;635.0;200.0;541.0;963.0;156.0;176.0
2344;8020;5.0;0.0;0.0;0.0;1.0;0.0;1.0
2345;8021;73.0;96.0;22.0;112.0;139.0;13.0;39.0
2346;8022;2.0;0.0;0.0;0.0;2.0;0.0;0.0
2347;8023;1.0;0.0;0.0;0.0;0.0;0.0;0.0
2348;8024;1.0;5.0;3.0;6.0;7.0;0.0;0.0
2349;8025;3.0;3.0;1.0;5.0;4.0;0.0;1.0
2350;8027;16.0;24.0;4.0;20.0;26.0;1.0;12.0
2351;8028;1.0;2.0;0.0;1.0;4.0;0.0;0.0
2352;8029;13.0;6.0;4.0;11.0;13.0;3.0;5.0
2353;8030;3.0;2.0;1.0;4.0;2.0;0.0;0.0
2354;8031;14.0;9.0;6.0;14.0;21.0;1.0;1.0
2355;8032;62.0;183.0;33.0;115.0;120.0;5.0;37.0
2356;8033;1.0;0.0;0.0;0.0;0.0;0.0;0.0
2357;8034;4.0;1.0;0.0;1.0;3.0;0.0;0.0
2358;8035;11.0;3.0;0.0;3.0;9.0;0.0;1.0
2359;8036;25.0;82.0;7.0;23.0;28.0;3.0;12.0
2360;8037;513.0;1091.0;204.0;864.0;896.0;239.0;173.0
2361;8038;1.0;0.0;0.0;1.0;2.0;0.0;0.0
2362;8039;0.0;3.0;0.0;3.0;4.0;1.0;1.0
2363;8040;3.0;8.0;3.0;12.0;13.0;3.0;2.0
2364;8041;1.0;0.0;0.0;1.0;0.0;0.0;0.0
2365;8042;0.0;1.0;0.0;0.0;0.0;0.0;0.0
2366;8043;1.0;0.0;0.0;0.0;0.0;0.0;0.0
2367;8044;3.0;2.0;0.0;2.0;0.0;0.0;0.0
2368;8045;15.0;22.0;4.0;33.0;34.0;2.0;10.0
2369;8046;1.0;0.0;0.0;0.0;1.0;0.0;0.0
2370;8047;2.0;1.0;1.0;0.0;2.0;0.0;0.0
2371;8048;8.0;7.0;3.0;13.0;10.0;0.0;4.0
2372;8049;5.0;0.0;0.0;0.0;0.0;0.0;0.0
2373;8050;39.0;26.0;10.0;48.0;57.0;3.0;2.0
2374;8051;11.0;3.0;3.0;4.0;3.0;0.0;0.0
2375;8052;12.0;7.0;2.0;5.0;31.0;0.0;9.0
2376;8053;1.0;2.0;1.0;5.0;6.0;0.0;3.0
2377;8054;0.0;0.0;0.0;0.0;1.0;0.0;0.0
2378;8055;1.0;2.0;0.0;9.0;8.0;1.0;2.0
2379;8056;0.0;1.0;0.0;0.0;0.0;0.0;1.0
2380;8057;4.0;0.0;0.0;1.0;2.0;0.0;0.0
2381;8058;0.0;0.0;0.0;3.0;0.0;1.0;0.0
2382;8059;1.0;9.0;0.0;9.0;5.0;1.0;2.0
2383;8060;6.0;14.0;2.0;6.0;12.0;1.0;2.0
2384;8062;11.0;8.0;2.0;15.0;18.0;3.0;1.0
2385;8063;0.0;0.0;0.0;2.0;1.0;0.0;1.0
2386;8064;0.0;1.0;1.0;2.0;3.0;0.0;0.0
2387;8065;4.0;0.0;0.0;0.0;2.0;0.0;0.0
2388;8066;5.0;1.0;0.0;1.0;0.0;0.0;0.0
2389;8067;10.0;7.0;1.0;3.0;6.0;0.0;0.0
2390;9002;388.0;503.0;74.0;153.0;544.0;68.0;457.0
2391;9003;569.0;491.0;99.0;249.0;633.0;99.0;433.0
2392;9004;202.0;182.0;29.0;80.0;201.0;49.0;127.0
2393;9005;627.0;1328.0;185.0;510.0;1322.0;96.0;1029.0
2394;9006;262.0;459.0;81.0;153.0;426.0;20.0;371.0
2395;9007;594.0;1753.0;350.0;788.0;1803.0;130.0;1478.0
2396;9008;100.0;224.0;29.0;79.0;177.0;22.0;113.0
2397;9009;57.0;162.0;18.0;88.0;164.0;6.0;113.0
2398;9010;608.0;455.0;94.0;283.0;641.0;105.0;347.0
2399;9011;103.0;427.0;61.0;187.0;397.0;20.0;295.0
2400;9012;451.0;552.0;89.0;310.0;626.0;91.0;550.0
2401;9013;157.0;547.0;58.0;181.0;332.0;27.0;364.0
2402;9014;1108.0;308.0;111.0;251.0;739.0;113.0;367.0
2403;9015;2018.0;804.0;204.0;377.0;1448.0;209.0;945.0
2404;9016;904.0;468.0;117.0;163.0;644.0;99.0;420.0
2405;9017;489.0;811.0;135.0;182.0;857.0;68.0;611.0
