,cve_ent_mun,Amenazas,Daño a la propiedad,Extorsión,Robo a negocio
0,1001,3010.0,3370.0,88.0,1669.0
1,1002,96.0,116.0,1.0,45.0
2,1003,60.0,139.0,3.0,54.0
3,1004,17.0,35.0,4.0,22.0
4,1005,270.0,404.0,7.0,224.0
5,1006,95.0,107.0,8.0,94.0
6,1007,82.0,131.0,7.0,90.0
7,1008,15.0,27.0,0.0,8.0
8,1009,23.0,38.0,3.0,15.0
9,1010,64.0,57.0,1.0,16.0
10,1011,137.0,188.0,4.0,140.0
11,2001,825.0,1633.0,20.0,396.0
12,2002,2146.0,3367.0,73.0,2125.0
13,2003,173.0,434.0,6.0,104.0
14,2004,1806.0,2984.0,58.0,2647.0
15,2005,179.0,381.0,2.0,122.0
16,3001,100.0,97.0,7.0,68.0
17,3002,87.0,77.0,4.0,45.0
18,3003,771.0,739.0,37.0,297.0
19,3008,717.0,568.0,59.0,396.0
20,3009,19.0,45.0,1.0,16.0
21,4001,0.0,3.0,0.0,4.0
22,4002,49.0,58.0,5.0,93.0
23,4003,5.0,74.0,9.0,128.0
24,4004,0.0,8.0,0.0,3.0
25,4005,0.0,1.0,0.0,2.0
26,4006,0.0,0.0,1.0,0.0
27,4007,0.0,0.0,0.0,0.0
28,4008,0.0,2.0,0.0,0.0
29,4009,1.0,4.0,1.0,7.0
30,4010,0.0,3.0,1.0,1.0
31,4011,0.0,4.0,0.0,3.0
32,5001,5.0,0.0,0.0,0.0
33,5002,445.0,688.0,1.0,7.0
34,5003,40.0,52.0,1.0,2.0
35,5004,50.0,105.0,1.0,10.0
36,5005,3.0,0.0,0.0,0.0
37,5006,39.0,81.0,0.0,8.0
38,5007,13.0,38.0,0.0,2.0
39,5008,2.0,1.0,0.0,0.0
40,5009,46.0,56.0,0.0,12.0
41,5010,106.0,196.0,2.0,46.0
42,5011,15.0,32.0,0.0,0.0
43,5012,6.0,0.0,0.0,0.0
44,5013,0.0,0.0,0.0,0.0
45,5014,38.0,3.0,0.0,0.0
46,5015,0.0,0.0,0.0,0.0
47,5016,2.0,3.0,0.0,0.0
48,5017,209.0,188.0,0.0,59.0
49,5018,279.0,626.0,6.0,157.0
50,5019,7.0,14.0,0.0,1.0
51,5020,70.0,200.0,4.0,17.0
52,5021,7.0,5.0,0.0,0.0
53,5022,21.0,50.0,0.0,2.0
54,5023,5.0,16.0,0.0,2.0
55,5024,59.0,130.0,0.0,8.0
56,5025,386.0,827.0,6.0,54.0
57,5026,0.0,0.0,0.0,0.0
58,5027,119.0,532.0,2.0,71.0
59,5028,87.0,212.0,0.0,39.0
60,5029,3.0,2.0,0.0,2.0
61,5030,1642.0,1264.0,3.0,83.0
62,5031,28.0,66.0,0.0,1.0
63,5032,29.0,91.0,0.0,11.0
64,5033,103.0,179.0,3.0,47.0
65,5034,0.0,0.0,0.0,0.0
66,5035,1808.0,1695.0,14.0,540.0
67,5036,18.0,16.0,0.0,4.0
68,5037,3.0,10.0,0.0,0.0
69,5038,1.0,3.0,0.0,2.0
70,6001,48.0,67.0,3.0,9.0
71,6002,852.0,921.0,34.0,324.0
72,6003,89.0,105.0,5.0,9.0
73,6004,96.0,74.0,2.0,1.0
74,6005,98.0,139.0,5.0,11.0
75,6006,27.0,36.0,0.0,1.0
76,6007,1153.0,993.0,36.0,235.0
77,6008,36.0,41.0,1.0,0.0
78,6009,455.0,380.0,28.0,162.0
79,6010,437.0,529.0,3.0,161.0
80,7001,0.0,0.0,1.0,0.0
81,7002,1.0,2.0,0.0,0.0
82,7003,1.0,1.0,0.0,0.0
83,7004,0.0,0.0,0.0,0.0
84,7005,0.0,0.0,0.0,0.0
85,7006,0.0,0.0,0.0,0.0
86,7007,0.0,1.0,0.0,1.0
87,7008,2.0,2.0,1.0,0.0
88,7009,0.0,5.0,0.0,6.0
89,7010,0.0,0.0,0.0,0.0
90,7011,0.0,0.0,0.0,0.0
91,7012,1.0,17.0,0.0,7.0
92,7013,2.0,0.0,0.0,0.0
93,7014,0.0,0.0,0.0,0.0
94,7015,2.0,7.0,0.0,3.0
95,7016,0.0,6.0,0.0,0.0
96,7017,2.0,9.0,5.0,14.0
97,7018,0.0,0.0,0.0,0.0
98,7019,129.0,63.0,2.0,2.0
99,7020,0.0,2.0,0.0,1.0
100,7021,0.0,1.0,0.0,0.0
101,7022,0.0,0.0,0.0,0.0
102,7023,0.0,0.0,0.0,0.0
103,7024,0.0,0.0,0.0,0.0
104,7025,0.0,1.0,0.0,0.0
105,7026,0.0,0.0,0.0,0.0
106,7027,10.0,50.0,3.0,1.0
107,7028,0.0,2.0,0.0,0.0
108,7029,0.0,0.0,0.0,0.0
109,7030,0.0,0.0,0.0,0.0
110,7031,1.0,1.0,2.0,1.0
111,7032,2.0,1.0,0.0,0.0
112,7033,0.0,0.0,0.0,0.0
113,7034,0.0,3.0,0.0,0.0
114,7035,2.0,3.0,0.0,1.0
115,7036,0.0,0.0,0.0,0.0
116,7037,3.0,9.0,0.0,1.0
117,7038,0.0,0.0,0.0,0.0
118,7039,0.0,0.0,0.0,0.0
119,7040,7.0,43.0,1.0,7.0
120,7041,3.0,0.0,0.0,0.0
121,7042,0.0,0.0,0.0,0.0
122,7043,0.0,0.0,0.0,1.0
123,7044,0.0,0.0,0.0,0.0
124,7045,0.0,0.0,0.0,0.0
125,7046,1.0,2.0,0.0,1.0
126,7047,0.0,0.0,0.0,0.0
127,7048,0.0,3.0,0.0,0.0
128,7049,0.0,1.0,0.0,0.0
129,7050,0.0,0.0,0.0,0.0
130,7051,0.0,5.0,1.0,1.0
131,7052,1.0,4.0,0.0,0.0
132,7053,0.0,0.0,0.0,0.0
133,7054,0.0,13.0,1.0,0.0
134,7055,0.0,0.0,0.0,0.0
135,7056,0.0,0.0,0.0,0.0
136,7057,0.0,3.0,1.0,3.0
137,7058,0.0,0.0,0.0,0.0
138,7059,0.0,9.0,2.0,3.0
139,7060,0.0,0.0,0.0,0.0
140,7061,6.0,4.0,0.0,4.0
141,7062,0.0,1.0,0.0,0.0
142,7063,0.0,0.0,0.0,0.0
143,7064,1.0,2.0,0.0,0.0
144,7065,29.0,40.0,8.0,4.0
145,7066,0.0,0.0,0.0,0.0
146,7067,0.0,0.0,0.0,0.0
147,7068,4.0,2.0,0.0,1.0
148,7069,2.0,3.0,1.0,9.0
149,7070,0.0,0.0,0.0,0.0
150,7071,0.0,4.0,1.0,0.0
151,7072,0.0,1.0,0.0,0.0
152,7073,0.0,0.0,0.0,1.0
153,7074,3.0,15.0,0.0,3.0
154,7075,0.0,0.0,0.0,1.0
155,7076,0.0,0.0,0.0,0.0
156,7077,0.0,0.0,0.0,0.0
157,7078,26.0,97.0,4.0,32.0
158,7079,2.0,1.0,0.0,0.0
159,7080,0.0,0.0,0.0,0.0
160,7081,0.0,0.0,0.0,0.0
161,7082,0.0,0.0,0.0,0.0
162,7083,0.0,1.0,0.0,0.0
163,7084,0.0,0.0,0.0,0.0
164,7085,0.0,0.0,1.0,0.0
165,7086,0.0,6.0,0.0,0.0
166,7087,7.0,20.0,2.0,0.0
167,7088,0.0,0.0,0.0,0.0
168,7089,42.0,160.0,18.0,75.0
169,7090,0.0,0.0,0.0,0.0
170,7091,0.0,0.0,0.0,0.0
171,7092,0.0,0.0,0.0,0.0
172,7093,0.0,0.0,0.0,0.0
173,7094,1.0,3.0,0.0,3.0
174,7096,0.0,2.0,0.0,0.0
175,7097,2.0,13.0,0.0,2.0
176,7098,0.0,0.0,0.0,0.0
177,7099,2.0,7.0,0.0,0.0
178,7100,0.0,0.0,0.0,0.0
179,7101,227.0,373.0,25.0,169.0
180,7102,6.0,13.0,1.0,1.0
181,7103,3.0,16.0,0.0,0.0
182,7104,7.0,1.0,0.0,0.0
183,7105,0.0,0.0,0.0,0.0
184,7106,1.0,1.0,0.0,0.0
185,7107,5.0,6.0,0.0,1.0
186,7108,2.0,33.0,1.0,4.0
187,7109,1.0,2.0,0.0,0.0
188,7110,0.0,0.0,0.0,0.0
189,7111,0.0,0.0,0.0,0.0
190,7112,0.0,0.0,0.0,0.0
191,7113,0.0,0.0,0.0,0.0
192,7114,0.0,2.0,0.0,1.0
193,7115,0.0,0.0,0.0,0.0
194,7116,1.0,0.0,0.0,0.0
195,7117,0.0,1.0,0.0,0.0
196,7118,0.0,0.0,0.0,0.0
197,7119,0.0,0.0,0.0,0.0
198,7120,0.0,0.0,0.0,0.0
199,7121,0.0,0.0,0.0,0.0
200,7122,0.0,1.0,0.0,0.0
201,7123,0.0,0.0,0.0,0.0
202,7124,1.0,0.0,0.0,0.0
203,8001,7.0,23.0,0.0,2.0
204,8002,14.0,137.0,0.0,5.0
205,8003,7.0,11.0,0.0,0.0
206,8004,2.0,3.0,0.0,0.0
207,8005,8.0,22.0,0.0,3.0
208,8006,10.0,10.0,0.0,0.0
209,8007,5.0,19.0,0.0,1.0
210,8008,1.0,3.0,0.0,0.0
211,8009,17.0,38.0,1.0,6.0
212,8010,9.0,15.0,0.0,2.0
213,8011,23.0,151.0,0.0,11.0
214,8012,0.0,4.0,0.0,0.0
215,8013,7.0,13.0,0.0,0.0
216,8014,0.0,0.0,0.0,0.0
217,8015,0.0,0.0,0.0,0.0
218,8016,1.0,0.0,0.0,0.0
219,8017,181.0,480.0,1.0,140.0
220,8018,3.0,5.0,0.0,1.0
221,8019,429.0,2300.0,1.0,505.0
222,8020,5.0,2.0,0.0,0.0
223,8021,47.0,213.0,2.0,165.0
224,8022,3.0,3.0,0.0,0.0
225,8023,3.0,5.0,0.0,1.0
226,8024,25.0,41.0,0.0,1.0
227,8025,3.0,6.0,0.0,1.0
228,8026,2.0,6.0,0.0,0.0
229,8027,10.0,66.0,0.0,4.0
230,8028,0.0,4.0,0.0,0.0
231,8029,19.0,20.0,0.0,0.0
232,8030,1.0,5.0,0.0,0.0
233,8031,15.0,38.0,0.0,7.0
234,8032,186.0,380.0,0.0,117.0
235,8033,0.0,0.0,0.0,0.0
236,8034,1.0,0.0,0.0,0.0
237,8035,5.0,9.0,0.0,0.0
238,8036,100.0,135.0,0.0,13.0
239,8037,2453.0,4835.0,10.0,1198.0
240,8038,2.0,11.0,0.0,2.0
241,8039,2.0,4.0,0.0,1.0
242,8040,34.0,21.0,0.0,6.0
243,8041,0.0,0.0,0.0,0.0
244,8042,1.0,1.0,0.0,0.0
245,8043,1.0,10.0,0.0,0.0
246,8044,1.0,4.0,0.0,1.0
247,8045,33.0,134.0,0.0,17.0
248,8046,1.0,1.0,0.0,0.0
249,8047,0.0,0.0,0.0,0.0
250,8048,5.0,12.0,0.0,0.0
251,8049,0.0,2.0,0.0,0.0
252,8050,41.0,197.0,1.0,28.0
253,8051,11.0,15.0,0.0,1.0
254,8052,3.0,30.0,0.0,3.0
255,8053,1.0,3.0,1.0,0.0
256,8054,1.0,6.0,0.0,0.0
257,8055,10.0,33.0,0.0,3.0
258,8056,4.0,0.0,0.0,0.0
259,8057,2.0,2.0,0.0,0.0
260,8058,0.0,1.0,0.0,0.0
261,8059,6.0,14.0,0.0,1.0
262,8060,15.0,35.0,0.0,3.0
263,8061,20.0,8.0,0.0,0.0
264,8062,4.0,60.0,0.0,7.0
265,8063,2.0,12.0,0.0,0.0
266,8064,0.0,2.0,0.0,0.0
267,8065,4.0,4.0,0.0,0.0
268,8066,0.0,0.0,0.0,0.0
269,8067,0.0,3.0,0.0,0.0
270,9002,1062.0,580.0,31.0,1259.0
271,9003,1232.0,861.0,18.0,1559.0
272,9004,241.0,240.0,10.0,359.0
273,9005,2065.0,1143.0,66.0,2353.0
274,9006,743.0,457.0,24.0,422.0
275,9007,2760.0,1443.0,79.0,2762.0
276,9008,508.0,307.0,12.0,136.0
277,9009,176.0,151.0,2.0,29.0
278,9010,1549.0,821.0,26.0,1501.0
279,9011,684.0,332.0,8.0,229.0
280,9012,1221.0,845.0,27.0,1193.0
281,9013,738.0,516.0,8.0,274.0
282,9014,982.0,803.0,30.0,1979.0
283,9015,2087.0,1353.0,72.0,2515.0
284,9016,1069.0,707.0,30.0,1386.0
285,9017,1183.0,643.0,27.0,974.0
286,9998,1.0,2.0,0.0,0.0
287,10001,7.0,31.0,2.0,4.0
288,10002,1.0,0.0,0.0,0.0
289,10003,0.0,0.0,0.0,0.0
290,10004,13.0,36.0,1.0,2.0
291,10005,739.0,1727.0,70.0,721.0
292,10006,1.0,0.0,0.0,0.0
293,10007,325.0,373.0,3.0,411.0
294,10008,11.0,47.0,0.0,9.0
295,10009,4.0,2.0,0.0,2.0
296,10010,0.0,0.0,0.0,0.0
297,10011,0.0,0.0,0.0,0.0
298,10012,114.0,158.0,0.0,112.0
299,10013,6.0,11.0,2.0,10.0
300,10014,12.0,16.0,0.0,4.0
301,10015,2.0,7.0,1.0,2.0
302,10016,20.0,21.0,2.0,1.0
303,10017,2.0,0.0,1.0,0.0
304,10018,2.0,3.0,3.0,0.0
305,10019,0.0,0.0,0.0,0.0
306,10020,6.0,17.0,0.0,0.0
307,10021,7.0,8.0,0.0,0.0
308,10022,31.0,36.0,4.0,11.0
309,10023,11.0,35.0,1.0,17.0
310,10024,8.0,21.0,0.0,0.0
311,10025,1.0,1.0,0.0,3.0
312,10026,4.0,4.0,0.0,1.0
313,10027,1.0,16.0,0.0,0.0
314,10028,8.0,29.0,2.0,0.0
315,10029,0.0,0.0,0.0,0.0
316,10030,0.0,1.0,0.0,0.0
317,10031,1.0,4.0,0.0,0.0
318,10032,72.0,103.0,17.0,6.0
319,10033,2.0,2.0,0.0,0.0
320,10034,5.0,2.0,1.0,1.0
321,10035,9.0,9.0,4.0,0.0
322,10036,2.0,4.0,0.0,1.0
323,10037,0.0,0.0,0.0,0.0
324,10038,10.0,35.0,2.0,4.0
325,10039,8.0,14.0,8.0,6.0
326,11001,127.0,99.0,0.0,19.0
327,11002,251.0,142.0,0.0,14.0
328,11003,266.0,452.0,2.0,115.0
329,11004,119.0,108.0,0.0,24.0
330,11005,303.0,193.0,5.0,105.0
331,11006,2.0,6.0,0.0,0.0
332,11007,1044.0,967.0,4.0,1808.0
333,11008,21.0,35.0,0.0,7.0
334,11009,117.0,107.0,1.0,29.0
335,11010,22.0,17.0,0.0,1.0
336,11011,261.0,147.0,1.0,65.0
337,11012,42.0,37.0,0.0,3.0
338,11013,15.0,16.0,0.0,5.0
339,11014,122.0,250.0,2.0,94.0
340,11015,326.0,473.0,1.0,232.0
341,11016,21.0,18.0,0.0,2.0
342,11017,1316.0,1420.0,4.0,986.0
343,11018,61.0,25.0,0.0,16.0
344,11019,37.0,41.0,0.0,3.0
345,11020,2934.0,3948.0,1.0,2626.0
346,11021,74.0,73.0,1.0,9.0
347,11022,16.0,27.0,0.0,1.0
348,11023,219.0,127.0,2.0,12.0
349,11024,8.0,7.0,0.0,2.0
350,11025,207.0,136.0,0.0,36.0
351,11026,66.0,80.0,0.0,10.0
352,11027,367.0,405.0,6.0,520.0
353,11028,240.0,128.0,1.0,37.0
354,11029,28.0,68.0,0.0,15.0
355,11030,97.0,166.0,0.0,37.0
356,11031,312.0,374.0,0.0,92.0
357,11032,75.0,148.0,2.0,46.0
358,11033,97.0,174.0,3.0,62.0
359,11034,5.0,13.0,0.0,0.0
360,11035,79.0,80.0,1.0,22.0
361,11036,6.0,7.0,0.0,0.0
362,11037,374.0,359.0,1.0,301.0
363,11038,37.0,27.0,1.0,3.0
364,11039,159.0,66.0,0.0,8.0
365,11040,17.0,38.0,0.0,1.0
366,11041,204.0,97.0,0.0,11.0
367,11042,346.0,162.0,0.0,21.0
368,11043,24.0,22.0,0.0,2.0
369,11044,103.0,90.0,1.0,44.0
370,11045,13.0,6.0,0.0,2.0
371,11046,137.0,91.0,0.0,4.0
372,12001,895.0,800.0,128.0,539.0
373,12002,2.0,0.0,0.0,0.0
374,12003,2.0,0.0,0.0,0.0
375,12004,7.0,5.0,0.0,0.0
376,12005,3.0,3.0,0.0,0.0
377,12006,1.0,1.0,0.0,0.0
378,12007,3.0,3.0,0.0,0.0
379,12008,5.0,0.0,1.0,1.0
380,12009,3.0,0.0,0.0,0.0
381,12010,2.0,3.0,0.0,0.0
382,12011,38.0,24.0,5.0,2.0
383,12012,19.0,10.0,5.0,0.0
384,12013,3.0,5.0,3.0,0.0
385,12014,15.0,9.0,0.0,0.0
386,12015,4.0,6.0,1.0,0.0
387,12016,0.0,0.0,0.0,0.0
388,12017,8.0,9.0,2.0,0.0
389,12018,5.0,13.0,0.0,0.0
390,12019,1.0,2.0,0.0,0.0
391,12020,4.0,0.0,0.0,0.0
392,12021,58.0,27.0,2.0,3.0
393,12022,14.0,6.0,1.0,0.0
394,12023,5.0,5.0,3.0,1.0
395,12024,1.0,1.0,1.0,0.0
396,12025,3.0,1.0,1.0,0.0
397,12026,1.0,0.0,0.0,0.0
398,12027,6.0,1.0,0.0,1.0
399,12028,29.0,24.0,5.0,4.0
400,12029,395.0,330.0,52.0,51.0
401,12030,17.0,27.0,2.0,0.0
402,12031,1.0,1.0,0.0,0.0
403,12032,0.0,1.0,1.0,0.0
404,12033,2.0,8.0,1.0,0.0
405,12034,24.0,56.0,1.0,5.0
406,12035,210.0,165.0,17.0,66.0
407,12036,8.0,5.0,1.0,0.0
408,12037,2.0,0.0,0.0,0.0
409,12038,121.0,102.0,21.0,30.0
410,12039,6.0,31.0,1.0,0.0
411,12040,3.0,3.0,0.0,0.0
412,12041,11.0,16.0,0.0,0.0
413,12042,3.0,1.0,0.0,0.0
414,12043,14.0,5.0,1.0,0.0
415,12044,3.0,1.0,0.0,0.0
416,12045,3.0,8.0,1.0,0.0
417,12046,48.0,46.0,10.0,8.0
418,12047,0.0,0.0,0.0,0.0
419,12048,12.0,6.0,0.0,0.0
420,12049,19.0,9.0,0.0,0.0
421,12050,27.0,11.0,2.0,1.0
422,12051,4.0,1.0,0.0,0.0
423,12052,17.0,18.0,0.0,0.0
424,12053,21.0,14.0,1.0,2.0
425,12054,0.0,0.0,0.0,0.0
426,12055,216.0,116.0,8.0,14.0
427,12056,8.0,10.0,0.0,0.0
428,12057,81.0,52.0,0.0,2.0
429,12058,11.0,14.0,1.0,4.0
430,12059,27.0,23.0,3.0,1.0
431,12060,6.0,1.0,1.0,1.0
432,12061,20.0,9.0,0.0,1.0
433,12062,6.0,5.0,0.0,1.0
434,12063,1.0,0.0,0.0,0.0
435,12064,0.0,0.0,1.0,0.0
436,12065,0.0,0.0,1.0,0.0
437,12066,90.0,51.0,16.0,11.0
438,12067,0.0,1.0,0.0,0.0
439,12068,4.0,4.0,0.0,3.0
440,12069,6.0,2.0,0.0,0.0
441,12070,1.0,1.0,0.0,0.0
442,12071,8.0,7.0,0.0,0.0
443,12072,0.0,1.0,0.0,0.0
444,12073,6.0,6.0,1.0,0.0
445,12074,4.0,1.0,0.0,0.0
446,12075,22.0,13.0,2.0,3.0
447,12076,5.0,0.0,0.0,0.0
448,12077,15.0,11.0,1.0,2.0
449,12078,6.0,3.0,0.0,0.0
450,12079,0.0,1.0,0.0,0.0
451,12080,8.0,8.0,1.0,0.0
452,12081,0.0,0.0,0.0,0.0
453,13001,16.0,7.0,0.0,4.0
454,13002,15.0,15.0,2.0,9.0
455,13003,101.0,99.0,5.0,71.0
456,13004,3.0,2.0,0.0,0.0
457,13005,8.0,7.0,0.0,1.0
458,13006,11.0,11.0,0.0,3.0
459,13007,10.0,7.0,0.0,5.0
460,13008,92.0,77.0,7.0,50.0
461,13009,18.0,17.0,0.0,10.0
462,13010,20.0,23.0,4.0,10.0
463,13011,9.0,5.0,2.0,0.0
464,13012,48.0,38.0,3.0,8.0
465,13013,37.0,29.0,4.0,74.0
466,13014,9.0,8.0,1.0,0.0
467,13015,5.0,9.0,0.0,0.0
468,13016,32.0,24.0,2.0,7.0
469,13017,7.0,4.0,1.0,0.0
470,13018,14.0,7.0,1.0,1.0
471,13019,15.0,12.0,0.0,3.0
472,13020,1.0,1.0,0.0,0.0
473,13021,23.0,17.0,1.0,13.0
474,13022,14.0,8.0,1.0,8.0
475,13023,33.0,29.0,2.0,4.0
476,13024,12.0,9.0,0.0,3.0
477,13025,7.0,4.0,1.0,0.0
478,13026,5.0,2.0,0.0,0.0
479,13027,7.0,2.0,0.0,0.0
480,13028,120.0,102.0,11.0,25.0
481,13029,43.0,31.0,11.0,5.0
482,13030,148.0,91.0,5.0,69.0
483,13031,13.0,6.0,1.0,1.0
484,13032,4.0,1.0,2.0,1.0
485,13033,5.0,3.0,0.0,0.0
486,13034,6.0,3.0,0.0,1.0
487,13035,2.0,5.0,1.0,3.0
488,13036,10.0,3.0,1.0,4.0
489,13037,29.0,27.0,0.0,2.0
490,13038,11.0,1.0,0.0,1.0
491,13039,15.0,11.0,0.0,8.0
492,13040,2.0,1.0,0.0,1.0
493,13041,61.0,54.0,2.0,17.0
494,13042,21.0,16.0,0.0,2.0
495,13043,2.0,1.0,0.0,0.0
496,13044,7.0,13.0,1.0,1.0
497,13045,4.0,5.0,0.0,0.0
498,13046,9.0,6.0,1.0,1.0
499,13047,2.0,1.0,0.0,0.0
500,13048,499.0,652.0,11.0,569.0
501,13049,1.0,0.0,0.0,0.0
502,13050,24.0,32.0,1.0,12.0
503,13051,168.0,104.0,0.0,195.0
504,13052,36.0,34.0,1.0,9.0
505,13053,6.0,5.0,1.0,1.0
506,13054,27.0,23.0,0.0,5.0
507,13055,10.0,5.0,1.0,4.0
508,13056,30.0,20.0,2.0,14.0
509,13057,17.0,12.0,2.0,7.0
510,13058,8.0,7.0,0.0,0.0
511,13059,10.0,11.0,2.0,1.0
512,13060,9.0,9.0,0.0,1.0
513,13061,115.0,78.0,4.0,48.0
514,13062,6.0,4.0,0.0,0.0
515,13063,53.0,65.0,2.0,58.0
516,13064,4.0,3.0,0.0,1.0
517,13065,4.0,5.0,0.0,1.0
518,13066,6.0,3.0,0.0,0.0
519,13067,9.0,24.0,0.0,20.0
520,13068,2.0,5.0,0.0,0.0
521,13069,305.0,171.0,16.0,169.0
522,13070,27.0,23.0,0.0,12.0
523,13071,4.0,1.0,0.0,0.0
524,13072,0.0,1.0,0.0,1.0
525,13073,26.0,17.0,3.0,1.0
526,13074,24.0,12.0,1.0,6.0
527,13075,5.0,4.0,0.0,3.0
528,13076,135.0,127.0,9.0,152.0
529,13077,244.0,211.0,10.0,150.0
530,13078,8.0,5.0,1.0,1.0
531,13079,6.0,4.0,0.0,0.0
532,13080,2.0,0.0,1.0,0.0
533,13081,48.0,29.0,5.0,9.0
534,13082,6.0,3.0,0.0,1.0
535,13083,44.0,34.0,0.0,33.0
536,13084,12.0,16.0,4.0,0.0
537,14001,22.0,32.0,6.0,12.0
538,14002,54.0,42.0,1.0,33.0
539,14003,23.0,26.0,3.0,22.0
540,14004,1.0,18.0,0.0,0.0
541,14005,16.0,35.0,4.0,4.0
542,14006,79.0,102.0,9.0,39.0
543,14007,8.0,25.0,1.0,6.0
544,14008,77.0,104.0,12.0,14.0
545,14009,36.0,29.0,3.0,19.0
546,14010,2.0,9.0,0.0,0.0
547,14011,2.0,8.0,3.0,0.0
548,14012,5.0,5.0,1.0,0.0
549,14013,68.0,62.0,6.0,8.0
550,14014,6.0,2.0,0.0,0.0
551,14015,82.0,120.0,9.0,17.0
552,14016,17.0,25.0,0.0,5.0
553,14017,9.0,10.0,0.0,0.0
554,14018,33.0,40.0,0.0,10.0
555,14019,1.0,0.0,0.0,0.0
556,14020,6.0,14.0,2.0,0.0
557,14021,18.0,26.0,3.0,3.0
558,14022,66.0,38.0,10.0,5.0
559,14023,126.0,145.0,9.0,54.0
560,14024,37.0,84.0,10.0,18.0
561,14025,17.0,13.0,5.0,1.0
562,14026,4.0,15.0,0.0,0.0
563,14027,26.0,24.0,0.0,1.0
564,14028,5.0,3.0,0.0,0.0
565,14029,23.0,18.0,1.0,1.0
566,14030,101.0,85.0,12.0,49.0
567,14031,0.0,0.0,0.0,0.0
568,14032,4.0,2.0,0.0,0.0
569,14033,10.0,6.0,2.0,2.0
570,14034,1.0,4.0,0.0,0.0
571,14035,40.0,55.0,4.0,11.0
572,14036,23.0,24.0,2.0,10.0
573,14037,19.0,35.0,3.0,10.0
574,14038,5.0,5.0,0.0,0.0
575,14039,3366.0,1999.0,200.0,4664.0
576,14040,3.0,15.0,0.0,0.0
577,14041,3.0,0.0,1.0,0.0
578,14042,2.0,11.0,6.0,0.0
579,14043,36.0,32.0,4.0,0.0
580,14044,47.0,48.0,6.0,31.0
581,14045,23.0,31.0,4.0,0.0
582,14046,29.0,54.0,10.0,1.0
583,14047,13.0,14.0,2.0,2.0
584,14048,19.0,38.0,2.0,0.0
585,14049,0.0,1.0,0.0,0.0
586,14050,64.0,16.0,3.0,21.0
587,14051,36.0,22.0,4.0,7.0
588,14052,4.0,5.0,0.0,0.0
589,14053,153.0,237.0,19.0,106.0
590,14054,9.0,8.0,0.0,1.0
591,14055,16.0,33.0,4.0,15.0
592,14056,0.0,1.0,0.0,0.0
593,14057,3.0,7.0,1.0,0.0
594,14058,31.0,26.0,3.0,1.0
595,14059,13.0,48.0,3.0,2.0
596,14060,4.0,7.0,0.0,0.0
597,14061,2.0,4.0,1.0,0.0
598,14062,3.0,4.0,0.0,2.0
599,14063,73.0,78.0,13.0,22.0
600,14064,21.0,16.0,7.0,5.0
601,14065,4.0,8.0,0.0,0.0
602,14066,19.0,56.0,2.0,4.0
603,14067,464.0,656.0,35.0,154.0
604,14068,18.0,17.0,0.0,3.0
605,14069,2.0,8.0,0.0,0.0
606,14070,311.0,177.0,16.0,124.0
607,14071,1.0,0.0,0.0,0.0
608,14072,1.0,9.0,0.0,0.0
609,14073,30.0,68.0,12.0,17.0
610,14074,8.0,12.0,1.0,1.0
611,14075,3.0,4.0,0.0,0.0
612,14076,2.0,0.0,0.0,0.0
613,14077,21.0,23.0,4.0,8.0
614,14078,8.0,68.0,4.0,12.0
615,14079,9.0,23.0,0.0,1.0
616,14080,6.0,6.0,0.0,0.0
617,14081,1.0,0.0,0.0,0.0
618,14082,26.0,52.0,1.0,11.0
619,14083,120.0,142.0,11.0,59.0
620,14084,16.0,14.0,1.0,2.0
621,14085,27.0,29.0,2.0,5.0
622,14086,15.0,17.0,0.0,5.0
623,14087,4.0,10.0,0.0,0.0
624,14088,26.0,24.0,1.0,0.0
625,14089,1.0,7.0,1.0,4.0
626,14090,3.0,4.0,1.0,1.0
627,14091,16.0,25.0,2.0,0.0
628,14092,13.0,19.0,0.0,0.0
629,14093,179.0,234.0,26.0,32.0
630,14094,74.0,69.0,11.0,23.0
631,14095,3.0,2.0,1.0,2.0
632,14096,29.0,25.0,1.0,4.0
633,14097,1073.0,507.0,67.0,568.0
634,14098,1241.0,546.0,54.0,1748.0
635,14099,2.0,5.0,0.0,0.0
636,14100,27.0,24.0,2.0,4.0
637,14101,983.0,337.0,32.0,1443.0
638,14102,1.0,3.0,0.0,0.0
639,14103,0.0,3.0,0.0,1.0
640,14104,1.0,0.0,0.0,0.0
641,14105,11.0,9.0,1.0,4.0
642,14106,0.0,7.0,1.0,0.0
643,14107,7.0,20.0,0.0,1.0
644,14108,19.0,21.0,2.0,4.0
645,14109,2.0,4.0,0.0,2.0
646,14110,13.0,20.0,0.0,2.0
647,14111,6.0,8.0,3.0,1.0
648,14112,3.0,26.0,0.0,0.0
649,14113,7.0,27.0,0.0,0.0
650,14114,12.0,34.0,3.0,14.0
651,14115,1.0,2.0,0.0,0.0
652,14116,5.0,6.0,1.0,2.0
653,14117,8.0,1.0,2.0,0.0
654,14118,22.0,23.0,1.0,2.0
655,14119,37.0,55.0,4.0,8.0
656,14120,2211.0,1216.0,135.0,2637.0
657,14121,67.0,40.0,6.0,6.0
658,14122,1.0,4.0,0.0,0.0
659,14123,14.0,8.0,0.0,1.0
660,14124,44.0,104.0,8.0,52.0
661,14125,6.0,41.0,8.0,3.0
662,14998,41.0,18.0,3.0,1.0
663,15001,0.0,53.0,3.0,14.0
664,15002,0.0,124.0,19.0,99.0
665,15003,0.0,28.0,3.0,3.0
666,15004,0.0,7.0,0.0,1.0
667,15005,0.0,190.0,56.0,99.0
668,15006,0.0,7.0,5.0,3.0
669,15007,0.0,38.0,9.0,2.0
670,15008,0.0,11.0,0.0,1.0
671,15009,0.0,47.0,14.0,38.0
672,15010,0.0,23.0,2.0,13.0
673,15011,0.0,46.0,10.0,17.0
674,15012,0.0,11.0,4.0,6.0
675,15013,0.0,587.0,100.0,605.0
676,15014,0.0,126.0,9.0,67.0
677,15015,0.0,18.0,8.0,6.0
678,15016,0.0,33.0,2.0,12.0
679,15017,0.0,4.0,6.0,3.0
680,15018,0.0,65.0,8.0,12.0
681,15019,0.0,23.0,8.0,16.0
682,15020,0.0,295.0,40.0,638.0
683,15021,0.0,23.0,6.0,5.0
684,15022,0.0,16.0,1.0,10.0
685,15023,0.0,27.0,7.0,30.0
686,15024,0.0,154.0,53.0,257.0
687,15025,0.0,356.0,106.0,678.0
688,15026,0.0,27.0,1.0,3.0
689,15027,0.0,13.0,3.0,11.0
690,15028,0.0,22.0,8.0,5.0
691,15029,0.0,170.0,43.0,434.0
692,15030,0.0,22.0,7.0,11.0
693,15031,0.0,446.0,142.0,1007.0
694,15032,0.0,30.0,7.0,2.0
695,15033,0.0,1565.0,403.0,4151.0
696,15034,0.0,3.0,2.0,2.0
697,15035,0.0,165.0,39.0,375.0
698,15036,0.0,24.0,6.0,5.0
699,15037,0.0,234.0,48.0,379.0
700,15038,0.0,30.0,5.0,2.0
701,15039,0.0,333.0,121.0,539.0
702,15040,0.0,47.0,9.0,8.0
703,15041,0.0,1.0,0.0,0.0
704,15042,0.0,104.0,11.0,21.0
705,15043,0.0,24.0,6.0,14.0
706,15044,0.0,17.0,5.0,33.0
707,15045,0.0,70.0,13.0,14.0
708,15046,0.0,24.0,8.0,10.0
709,15047,0.0,39.0,10.0,3.0
710,15048,0.0,55.0,4.0,6.0
711,15049,0.0,13.0,1.0,1.0
712,15050,0.0,24.0,3.0,5.0
713,15051,0.0,187.0,51.0,151.0
714,15052,0.0,23.0,4.0,4.0
715,15053,0.0,61.0,18.0,57.0
716,15054,0.0,346.0,100.0,523.0
717,15055,0.0,14.0,9.0,24.0
718,15056,0.0,16.0,5.0,3.0
719,15057,0.0,835.0,204.0,2587.0
720,15058,0.0,759.0,262.0,1294.0
721,15059,0.0,72.0,16.0,72.0
722,15060,0.0,431.0,101.0,389.0
723,15061,0.0,16.0,0.0,9.0
724,15062,0.0,89.0,17.0,28.0
725,15063,0.0,46.0,4.0,1.0
726,15064,0.0,37.0,1.0,2.0
727,15065,0.0,40.0,15.0,15.0
728,15066,0.0,1.0,0.0,0.0
729,15067,0.0,47.0,5.0,23.0
730,15068,0.0,14.0,7.0,20.0
731,15069,0.0,3.0,1.0,2.0
732,15070,0.0,196.0,63.0,500.0
733,15071,0.0,14.0,2.0,2.0
734,15072,0.0,10.0,3.0,2.0
735,15073,0.0,28.0,10.0,19.0
736,15074,0.0,49.0,1.0,6.0
737,15075,0.0,23.0,8.0,10.0
738,15076,0.0,109.0,26.0,113.0
739,15077,0.0,2.0,0.0,1.0
740,15078,0.0,6.0,1.0,1.0
741,15079,0.0,18.0,2.0,0.0
742,15080,0.0,7.0,2.0,0.0
743,15081,0.0,543.0,129.0,753.0
744,15082,0.0,46.0,7.0,4.0
745,15083,0.0,18.0,1.0,3.0
746,15084,0.0,37.0,4.0,16.0
747,15085,0.0,35.0,4.0,1.0
748,15086,0.0,16.0,0.0,1.0
749,15087,0.0,74.0,19.0,39.0
750,15088,0.0,112.0,31.0,44.0
751,15089,0.0,10.0,2.0,2.0
752,15090,0.0,62.0,23.0,35.0
753,15091,0.0,66.0,11.0,72.0
754,15092,0.0,68.0,9.0,37.0
755,15093,0.0,25.0,10.0,4.0
756,15094,0.0,14.0,1.0,12.0
757,15095,0.0,109.0,22.0,175.0
758,15096,0.0,19.0,3.0,18.0
759,15097,0.0,4.0,0.0,1.0
760,15098,0.0,6.0,0.0,0.0
761,15099,0.0,338.0,89.0,270.0
762,15100,0.0,42.0,6.0,43.0
763,15101,0.0,99.0,13.0,67.0
764,15102,0.0,13.0,2.0,1.0
765,15103,0.0,46.0,16.0,16.0
766,15104,0.0,902.0,156.0,1238.0
767,15105,0.0,1.0,0.0,1.0
768,15106,0.0,1491.0,377.0,1748.0
769,15107,0.0,16.0,2.0,7.0
770,15108,0.0,160.0,47.0,158.0
771,15109,0.0,501.0,76.0,1648.0
772,15110,0.0,197.0,29.0,16.0
773,15111,0.0,39.0,9.0,6.0
774,15112,0.0,48.0,6.0,3.0
775,15113,0.0,50.0,13.0,14.0
776,15114,0.0,68.0,8.0,6.0
777,15115,0.0,53.0,21.0,38.0
778,15116,0.0,0.0,0.0,0.0
779,15117,0.0,11.0,2.0,2.0
780,15118,0.0,232.0,50.0,267.0
781,15119,0.0,10.0,0.0,0.0
782,15120,0.0,287.0,52.0,364.0
783,15121,0.0,585.0,131.0,1259.0
784,15122,0.0,200.0,60.0,598.0
785,15123,0.0,2.0,1.0,0.0
786,15124,0.0,27.0,1.0,5.0
787,15125,0.0,20.0,3.0,5.0
788,16001,14.0,7.0,1.0,0.0
789,16002,1.0,2.0,0.0,0.0
790,16003,21.0,7.0,1.0,4.0
791,16004,3.0,1.0,0.0,0.0
792,16005,8.0,7.0,0.0,0.0
793,16006,137.0,110.0,0.0,22.0
794,16007,1.0,1.0,0.0,0.0
795,16008,14.0,9.0,1.0,0.0
796,16009,11.0,20.0,1.0,2.0
797,16010,4.0,9.0,0.0,1.0
798,16011,2.0,5.0,0.0,0.0
799,16012,10.0,6.0,0.0,1.0
800,16013,2.0,1.0,0.0,0.0
801,16014,19.0,7.0,0.0,0.0
802,16015,42.0,41.0,0.0,2.0
803,16016,5.0,5.0,0.0,1.0
804,16017,7.0,19.0,0.0,0.0
805,16018,8.0,11.0,0.0,0.0
806,16019,7.0,3.0,0.0,1.0
807,16020,14.0,14.0,0.0,2.0
808,16021,5.0,5.0,0.0,0.0
809,16022,32.0,17.0,0.0,3.0
810,16023,0.0,1.0,0.0,0.0
811,16024,1.0,3.0,0.0,0.0
812,16025,20.0,17.0,0.0,2.0
813,16026,17.0,6.0,0.0,0.0
814,16027,2.0,4.0,0.0,0.0
815,16028,1.0,1.0,0.0,0.0
816,16029,2.0,1.0,0.0,0.0
817,16030,1.0,2.0,0.0,0.0
818,16031,5.0,8.0,0.0,0.0
819,16032,13.0,6.0,1.0,0.0
820,16033,5.0,13.0,0.0,0.0
821,16034,145.0,108.0,2.0,12.0
822,16035,2.0,3.0,0.0,0.0
823,16036,5.0,0.0,0.0,0.0
824,16037,1.0,1.0,0.0,0.0
825,16038,50.0,44.0,0.0,2.0
826,16039,4.0,6.0,0.0,0.0
827,16040,35.0,22.0,0.0,3.0
828,16041,16.0,9.0,0.0,0.0
829,16042,3.0,1.0,0.0,0.0
830,16043,47.0,28.0,0.0,5.0
831,16044,7.0,7.0,0.0,1.0
832,16045,14.0,28.0,0.0,0.0
833,16046,2.0,6.0,0.0,0.0
834,16047,14.0,16.0,0.0,1.0
835,16048,8.0,7.0,0.0,1.0
836,16049,15.0,8.0,0.0,0.0
837,16050,51.0,86.0,0.0,1.0
838,16051,5.0,2.0,0.0,1.0
839,16052,191.0,257.0,3.0,71.0
840,16053,1883.0,1399.0,16.0,542.0
841,16054,2.0,3.0,0.0,0.0
842,16055,14.0,29.0,0.0,4.0
843,16056,19.0,14.0,0.0,1.0
844,16057,6.0,9.0,0.0,0.0
845,16058,10.0,5.0,0.0,0.0
846,16059,1.0,3.0,0.0,0.0
847,16060,0.0,2.0,0.0,2.0
848,16061,21.0,9.0,0.0,1.0
849,16062,5.0,2.0,0.0,0.0
850,16063,2.0,6.0,0.0,0.0
851,16064,6.0,4.0,0.0,0.0
852,16065,29.0,23.0,0.0,2.0
853,16066,211.0,106.0,2.0,15.0
854,16067,3.0,5.0,0.0,0.0
855,16068,15.0,23.0,0.0,0.0
856,16069,70.0,73.0,1.0,23.0
857,16070,9.0,3.0,0.0,1.0
858,16071,52.0,26.0,1.0,6.0
859,16072,25.0,11.0,0.0,2.0
860,16073,14.0,9.0,0.0,2.0
861,16074,3.0,5.0,0.0,0.0
862,16075,40.0,56.0,0.0,2.0
863,16076,54.0,75.0,1.0,5.0
864,16077,6.0,3.0,0.0,0.0
865,16078,9.0,4.0,0.0,0.0
866,16079,44.0,40.0,1.0,3.0
867,16080,3.0,9.0,0.0,0.0
868,16081,3.0,1.0,0.0,0.0
869,16082,33.0,34.0,1.0,2.0
870,16083,5.0,11.0,1.0,2.0
871,16084,5.0,6.0,0.0,1.0
872,16085,28.0,21.0,0.0,2.0
873,16086,2.0,1.0,0.0,1.0
874,16087,8.0,12.0,0.0,0.0
875,16088,179.0,70.0,0.0,23.0
876,16089,31.0,20.0,0.0,1.0
877,16090,6.0,9.0,1.0,0.0
878,16091,5.0,3.0,0.0,1.0
879,16092,6.0,5.0,0.0,0.0
880,16093,11.0,21.0,1.0,0.0
881,16094,2.0,1.0,0.0,0.0
882,16095,3.0,4.0,0.0,0.0
883,16096,0.0,0.0,0.0,0.0
884,16097,4.0,1.0,0.0,0.0
885,16098,25.0,29.0,0.0,0.0
886,16099,3.0,9.0,0.0,0.0
887,16100,13.0,9.0,0.0,0.0
888,16101,6.0,7.0,1.0,0.0
889,16102,513.0,292.0,5.0,201.0
890,16103,12.0,7.0,0.0,0.0
891,16104,1.0,4.0,0.0,2.0
892,16105,6.0,8.0,0.0,0.0
893,16106,1.0,7.0,0.0,1.0
894,16107,49.0,39.0,1.0,10.0
895,16108,194.0,134.0,0.0,13.0
896,16109,1.0,1.0,0.0,0.0
897,16110,81.0,57.0,0.0,6.0
898,16111,17.0,15.0,0.0,0.0
899,16112,313.0,222.0,0.0,22.0
900,16113,11.0,6.0,0.0,0.0
901,17001,14.0,7.0,0.0,3.0
902,17002,48.0,22.0,2.0,9.0
903,17003,44.0,12.0,1.0,2.0
904,17004,147.0,55.0,8.0,14.0
905,17005,19.0,5.0,2.0,3.0
906,17006,919.0,435.0,20.0,224.0
907,17007,1708.0,1020.0,38.0,1856.0
908,17008,290.0,82.0,4.0,72.0
909,17009,50.0,36.0,0.0,11.0
910,17010,8.0,6.0,4.0,3.0
911,17011,427.0,183.0,11.0,460.0
912,17012,299.0,145.0,9.0,63.0
913,17013,26.0,8.0,0.0,2.0
914,17014,25.0,8.0,8.0,1.0
915,17015,61.0,18.0,3.0,6.0
916,17016,23.0,10.0,1.0,1.0
917,17017,130.0,60.0,15.0,40.0
918,17018,269.0,101.0,13.0,146.0
919,17019,22.0,13.0,0.0,2.0
920,17020,157.0,55.0,1.0,4.0
921,17021,25.0,11.0,1.0,1.0
922,17022,21.0,0.0,1.0,0.0
923,17023,14.0,9.0,1.0,0.0
924,17024,88.0,41.0,1.0,37.0
925,17025,32.0,11.0,0.0,8.0
926,17026,40.0,22.0,5.0,2.0
927,17027,17.0,11.0,3.0,2.0
928,17028,166.0,63.0,8.0,60.0
929,17029,283.0,110.0,6.0,42.0
930,17030,99.0,43.0,3.0,23.0
931,17031,58.0,12.0,2.0,40.0
932,17032,7.0,0.0,1.0,0.0
933,17033,38.0,15.0,1.0,1.0
934,18001,4.0,4.0,0.0,0.0
935,18002,1.0,2.0,0.0,1.0
936,18003,1.0,1.0,0.0,0.0
937,18004,5.0,16.0,0.0,2.0
938,18005,0.0,1.0,0.0,0.0
939,18006,3.0,6.0,0.0,3.0
940,18007,0.0,2.0,0.0,0.0
941,18008,1.0,4.0,0.0,1.0
942,18009,0.0,0.0,0.0,0.0
943,18010,0.0,2.0,0.0,0.0
944,18011,4.0,3.0,0.0,0.0
945,18012,3.0,5.0,0.0,2.0
946,18013,1.0,2.0,0.0,0.0
947,18014,3.0,4.0,0.0,0.0
948,18015,2.0,9.0,0.0,2.0
949,18016,1.0,4.0,0.0,5.0
950,18017,61.0,33.0,13.0,130.0
951,18018,1.0,2.0,0.0,2.0
952,18019,0.0,0.0,0.0,0.0
953,18020,12.0,34.0,0.0,23.0
954,19001,3.0,9.0,1.0,0.0
955,19002,2.0,1.0,0.0,0.0
956,19003,1.0,0.0,0.0,0.0
957,19004,28.0,52.0,1.0,4.0
958,19005,23.0,19.0,0.0,2.0
959,19006,664.0,652.0,33.0,252.0
960,19007,7.0,10.0,0.0,0.0
961,19008,2.0,4.0,1.0,0.0
962,19009,167.0,147.0,5.0,11.0
963,19010,52.0,45.0,9.0,16.0
964,19011,17.0,12.0,5.0,0.0
965,19012,67.0,63.0,5.0,12.0
966,19013,11.0,12.0,1.0,1.0
967,19014,21.0,33.0,0.0,1.0
968,19015,0.0,6.0,0.0,0.0
969,19016,8.0,10.0,2.0,1.0
970,19017,19.0,30.0,4.0,0.0
971,19018,374.0,401.0,22.0,111.0
972,19019,50.0,160.0,18.0,60.0
973,19020,5.0,3.0,1.0,0.0
974,19021,367.0,465.0,25.0,158.0
975,19022,12.0,10.0,0.0,1.0
976,19023,2.0,2.0,1.0,0.0
977,19024,2.0,3.0,0.0,0.0
978,19025,75.0,54.0,11.0,10.0
979,19026,783.0,1210.0,62.0,315.0
980,19027,11.0,6.0,0.0,0.0
981,19028,1.0,4.0,0.0,0.0
982,19029,8.0,11.0,1.0,0.0
983,19030,5.0,0.0,1.0,0.0
984,19031,301.0,382.0,23.0,64.0
985,19032,14.0,10.0,1.0,0.0
986,19033,115.0,149.0,7.0,12.0
987,19034,8.0,2.0,1.0,1.0
988,19035,3.0,1.0,0.0,0.0
989,19036,5.0,2.0,0.0,0.0
990,19037,13.0,6.0,0.0,0.0
991,19038,54.0,77.0,1.0,15.0
992,19039,602.0,1489.0,159.0,933.0
993,19040,2.0,2.0,0.0,0.0
994,19041,177.0,126.0,11.0,26.0
995,19042,6.0,9.0,2.0,0.0
996,19043,5.0,2.0,0.0,0.0
997,19044,28.0,34.0,2.0,5.0
998,19045,62.0,63.0,9.0,19.0
999,19046,514.0,608.0,39.0,135.0
1000,19047,11.0,15.0,1.0,4.0
1001,19048,283.0,335.0,18.0,94.0
1002,19049,42.0,87.0,3.0,15.0
1003,19050,2.0,6.0,0.0,0.0
1004,19051,7.0,3.0,0.0,0.0
1005,20001,0.0,0.0,0.0,0.0
1006,20002,13.0,12.0,0.0,0.0
1007,20003,0.0,0.0,0.0,0.0
1008,20004,0.0,1.0,0.0,0.0
1009,20005,10.0,4.0,0.0,1.0
1010,20006,38.0,35.0,2.0,16.0
1011,20007,0.0,3.0,0.0,0.0
1012,20008,1.0,1.0,0.0,0.0
1013,20009,2.0,4.0,0.0,0.0
1014,20010,23.0,12.0,1.0,6.0
1015,20011,1.0,0.0,0.0,0.0
1016,20012,15.0,3.0,0.0,0.0
1017,20013,4.0,1.0,0.0,0.0
1018,20014,62.0,52.0,2.0,19.0
1019,20015,1.0,1.0,0.0,0.0
1020,20016,0.0,0.0,0.0,0.0
1021,20017,0.0,4.0,0.0,0.0
1022,20018,1.0,0.0,0.0,0.0
1023,20019,0.0,0.0,0.0,0.0
1024,20020,3.0,0.0,0.0,0.0
1025,20021,3.0,2.0,0.0,0.0
1026,20022,1.0,0.0,0.0,0.0
1027,20023,20.0,19.0,0.0,5.0
1028,20024,1.0,0.0,0.0,0.0
1029,20025,12.0,8.0,0.0,1.0
1030,20026,6.0,1.0,0.0,0.0
1031,20027,1.0,0.0,0.0,0.0
1032,20028,25.0,38.0,0.0,7.0
1033,20029,0.0,2.0,0.0,0.0
1034,20030,15.0,4.0,0.0,3.0
1035,20031,1.0,3.0,0.0,0.0
1036,20032,0.0,0.0,0.0,0.0
1037,20033,7.0,4.0,0.0,2.0
1038,20034,0.0,0.0,0.0,0.0
1039,20035,1.0,0.0,0.0,0.0
1040,20036,1.0,1.0,0.0,0.0
1041,20037,4.0,1.0,0.0,0.0
1042,20038,0.0,0.0,0.0,0.0
1043,20039,211.0,156.0,11.0,53.0
1044,20040,1.0,0.0,0.0,0.0
1045,20041,27.0,8.0,3.0,2.0
1046,20042,10.0,6.0,2.0,0.0
1047,20043,159.0,91.0,6.0,167.0
1048,20044,16.0,19.0,3.0,7.0
1049,20045,11.0,5.0,1.0,1.0
1050,20046,1.0,0.0,0.0,0.0
1051,20047,0.0,0.0,0.0,0.0
1052,20048,2.0,0.0,0.0,0.0
1053,20049,4.0,1.0,0.0,0.0
1054,20050,0.0,0.0,0.0,0.0
1055,20051,4.0,2.0,0.0,0.0
1056,20052,2.0,3.0,0.0,1.0
1057,20053,3.0,0.0,0.0,0.0
1058,20054,0.0,0.0,0.0,0.0
1059,20055,4.0,2.0,0.0,1.0
1060,20056,4.0,1.0,0.0,0.0
1061,20057,87.0,36.0,0.0,9.0
1062,20058,7.0,2.0,0.0,0.0
1063,20059,78.0,62.0,2.0,18.0
1064,20060,2.0,1.0,0.0,0.0
1065,20061,1.0,1.0,0.0,0.0
1066,20062,1.0,0.0,0.0,0.0
1067,20063,4.0,6.0,0.0,1.0
1068,20064,5.0,2.0,0.0,0.0
1069,20065,0.0,0.0,0.0,0.0
1070,20066,2.0,4.0,0.0,0.0
1071,20067,931.0,603.0,21.0,543.0
1072,20068,56.0,37.0,3.0,9.0
1073,20069,0.0,0.0,0.0,0.0
1074,20070,14.0,2.0,0.0,0.0
1075,20071,1.0,3.0,0.0,0.0
1076,20072,3.0,1.0,0.0,0.0
1077,20073,31.0,25.0,3.0,6.0
1078,20074,0.0,0.0,0.0,0.0
1079,20075,1.0,1.0,1.0,1.0
1080,20076,0.0,0.0,0.0,0.0
1081,20077,4.0,7.0,0.0,0.0
1082,20078,1.0,1.0,0.0,0.0
1083,20079,226.0,118.0,0.0,99.0
1084,20080,2.0,2.0,0.0,0.0
1085,20081,2.0,1.0,0.0,0.0
1086,20082,2.0,2.0,0.0,0.0
1087,20083,9.0,7.0,0.0,4.0
1088,20084,6.0,9.0,0.0,0.0
1089,20085,3.0,0.0,0.0,0.0
1090,20086,0.0,0.0,0.0,0.0
1091,20087,3.0,2.0,0.0,3.0
1092,20088,2.0,1.0,0.0,0.0
1093,20089,3.0,0.0,0.0,0.0
1094,20090,9.0,1.0,0.0,0.0
1095,20091,8.0,3.0,0.0,2.0
1096,20092,4.0,0.0,0.0,0.0
1097,20093,0.0,0.0,0.0,0.0
1098,20094,1.0,0.0,0.0,0.0
1099,20095,4.0,2.0,0.0,0.0
1100,20096,0.0,0.0,0.0,0.0
1101,20097,0.0,0.0,0.0,0.0
1102,20098,0.0,0.0,0.0,0.0
1103,20099,0.0,0.0,0.0,0.0
1104,20100,0.0,0.0,0.0,0.0
1105,20101,0.0,0.0,0.0,0.0
1106,20102,14.0,5.0,0.0,1.0
1107,20103,6.0,1.0,0.0,1.0
1108,20104,0.0,0.0,0.0,0.0
1109,20105,0.0,0.0,0.0,0.0
1110,20106,0.0,0.0,0.0,0.0
1111,20107,26.0,30.0,0.0,9.0
1112,20108,1.0,0.0,0.0,0.0
1113,20109,0.0,0.0,0.0,0.0
1114,20110,0.0,0.0,0.0,0.0
1115,20111,17.0,8.0,0.0,0.0
1116,20112,3.0,4.0,0.0,0.0
1117,20113,2.0,3.0,0.0,1.0
1118,20114,0.0,0.0,0.0,0.0
1119,20115,23.0,24.0,1.0,5.0
1120,20116,2.0,0.0,0.0,0.0
1121,20117,1.0,1.0,0.0,0.0
1122,20118,0.0,0.0,0.0,0.0
1123,20119,0.0,0.0,0.0,0.0
1124,20120,0.0,0.0,0.0,0.0
1125,20121,4.0,1.0,0.0,0.0
1126,20122,0.0,0.0,0.0,0.0
1127,20123,3.0,0.0,0.0,0.0
1128,20124,12.0,6.0,0.0,1.0
1129,20125,3.0,5.0,0.0,0.0
1130,20126,1.0,0.0,0.0,0.0
1131,20127,0.0,0.0,0.0,0.0
1132,20128,0.0,0.0,0.0,0.0
1133,20129,0.0,2.0,0.0,0.0
1134,20130,1.0,1.0,0.0,0.0
1135,20131,4.0,3.0,0.0,0.0
1136,20132,4.0,1.0,0.0,0.0
1137,20133,2.0,0.0,0.0,0.0
1138,20134,2.0,5.0,1.0,0.0
1139,20135,4.0,1.0,0.0,0.0
1140,20136,4.0,0.0,0.0,0.0
1141,20137,0.0,0.0,0.0,0.0
1142,20138,1.0,0.0,0.0,0.0
1143,20139,0.0,0.0,0.0,0.0
1144,20140,1.0,0.0,0.0,0.0
1145,20141,8.0,8.0,0.0,0.0
1146,20142,0.0,0.0,0.0,0.0
1147,20143,3.0,5.0,0.0,1.0
1148,20144,0.0,0.0,0.0,0.0
1149,20145,5.0,4.0,0.0,2.0
1150,20146,0.0,0.0,0.0,0.0
1151,20147,0.0,0.0,0.0,0.0
1152,20148,2.0,0.0,0.0,0.0
1153,20149,1.0,0.0,0.0,0.0
1154,20150,13.0,8.0,0.0,1.0
1155,20151,1.0,0.0,0.0,0.0
1156,20152,0.0,0.0,0.0,0.0
1157,20153,3.0,2.0,0.0,0.0
1158,20154,1.0,1.0,0.0,0.0
1159,20155,0.0,0.0,0.0,0.0
1160,20156,5.0,2.0,0.0,0.0
1161,20157,14.0,17.0,0.0,18.0
1162,20158,3.0,1.0,0.0,0.0
1163,20159,0.0,0.0,0.0,0.0
1164,20160,4.0,1.0,0.0,0.0
1165,20161,1.0,1.0,0.0,0.0
1166,20162,2.0,1.0,0.0,0.0
1167,20163,0.0,2.0,0.0,0.0
1168,20164,3.0,0.0,0.0,0.0
1169,20165,2.0,0.0,0.0,0.0
1170,20166,4.0,7.0,0.0,0.0
1171,20167,0.0,1.0,0.0,0.0
1172,20168,2.0,2.0,0.0,0.0
1173,20169,0.0,1.0,0.0,0.0
1174,20170,0.0,2.0,0.0,0.0
1175,20171,4.0,0.0,0.0,0.0
1176,20172,0.0,0.0,0.0,0.0
1177,20173,1.0,2.0,0.0,0.0
1178,20174,11.0,7.0,0.0,5.0
1179,20175,0.0,1.0,0.0,0.0
1180,20176,5.0,3.0,1.0,0.0
1181,20177,6.0,8.0,0.0,2.0
1182,20178,8.0,2.0,1.0,0.0
1183,20179,1.0,0.0,0.0,0.0
1184,20180,5.0,4.0,0.0,0.0
1185,20181,1.0,0.0,0.0,0.0
1186,20182,1.0,0.0,0.0,0.0
1187,20183,0.0,1.0,0.0,0.0
1188,20184,199.0,138.0,21.0,102.0
1189,20185,14.0,6.0,0.0,0.0
1190,20186,0.0,0.0,0.0,0.0
1191,20187,0.0,0.0,0.0,0.0
1192,20188,13.0,4.0,0.0,0.0
1193,20189,0.0,0.0,0.0,0.0
1194,20190,17.0,8.0,0.0,2.0
1195,20191,0.0,0.0,0.0,0.0
1196,20192,3.0,0.0,0.0,0.0
1197,20193,2.0,1.0,0.0,0.0
1198,20194,0.0,0.0,0.0,0.0
1199,20195,0.0,0.0,0.0,0.0
1200,20196,0.0,0.0,0.0,0.0
1201,20197,0.0,0.0,0.0,0.0
1202,20198,29.0,18.0,0.0,1.0
1203,20199,0.0,0.0,0.0,0.0
1204,20200,0.0,0.0,0.0,0.0
1205,20201,0.0,0.0,0.0,0.0
1206,20202,1.0,0.0,0.0,0.0
1207,20203,1.0,0.0,0.0,0.0
1208,20204,1.0,0.0,0.0,0.0
1209,20205,1.0,1.0,0.0,0.0
1210,20206,0.0,2.0,0.0,0.0
1211,20207,7.0,6.0,0.0,0.0
1212,20208,3.0,1.0,0.0,0.0
1213,20209,0.0,0.0,0.0,0.0
1214,20210,0.0,0.0,0.0,0.0
1215,20211,1.0,1.0,0.0,0.0
1216,20212,0.0,0.0,0.0,0.0
1217,20213,1.0,0.0,0.0,0.0
1218,20214,0.0,1.0,0.0,0.0
1219,20215,0.0,1.0,0.0,0.0
1220,20216,0.0,0.0,0.0,0.0
1221,20217,0.0,0.0,0.0,0.0
1222,20218,0.0,0.0,0.0,0.0
1223,20219,0.0,1.0,0.0,0.0
1224,20220,1.0,0.0,0.0,0.0
1225,20221,3.0,1.0,0.0,0.0
1226,20222,0.0,0.0,0.0,0.0
1227,20223,0.0,0.0,0.0,0.0
1228,20224,1.0,0.0,0.0,0.0
1229,20225,5.0,1.0,0.0,0.0
1230,20226,2.0,0.0,0.0,0.0
1231,20227,19.0,12.0,0.0,6.0
1232,20228,0.0,1.0,0.0,0.0
1233,20229,0.0,1.0,0.0,0.0
1234,20230,1.0,0.0,0.0,0.0
1235,20231,0.0,0.0,0.0,0.0
1236,20232,8.0,5.0,0.0,0.0
1237,20233,0.0,0.0,1.0,0.0
1238,20234,3.0,1.0,0.0,0.0
1239,20235,3.0,2.0,0.0,0.0
1240,20236,2.0,0.0,0.0,0.0
1241,20237,0.0,0.0,0.0,0.0
1242,20238,1.0,0.0,0.0,0.0
1243,20239,0.0,0.0,0.0,0.0
1244,20240,2.0,0.0,0.0,0.0
1245,20241,0.0,0.0,0.0,0.0
1246,20242,2.0,4.0,1.0,0.0
1247,20243,3.0,3.0,0.0,0.0
1248,20244,3.0,5.0,0.0,0.0
1249,20245,0.0,0.0,0.0,0.0
1250,20246,0.0,0.0,0.0,0.0
1251,20247,0.0,1.0,0.0,0.0
1252,20248,2.0,3.0,0.0,0.0
1253,20249,0.0,0.0,0.0,0.0
1254,20250,1.0,0.0,0.0,0.0
1255,20251,0.0,0.0,0.0,0.0
1256,20252,0.0,0.0,0.0,0.0
1257,20253,1.0,1.0,0.0,1.0
1258,20254,2.0,3.0,0.0,0.0
1259,20255,0.0,0.0,0.0,0.0
1260,20256,4.0,0.0,0.0,0.0
1261,20257,0.0,0.0,0.0,0.0
1262,20258,0.0,0.0,0.0,0.0
1263,20259,0.0,0.0,0.0,0.0
1264,20260,1.0,0.0,0.0,0.0
1265,20261,0.0,0.0,0.0,0.0
1266,20262,2.0,0.0,0.0,0.0
1267,20263,0.0,0.0,0.0,0.0
1268,20264,2.0,0.0,0.0,0.0
1269,20265,4.0,2.0,0.0,0.0
1270,20266,3.0,1.0,0.0,0.0
1271,20267,0.0,0.0,0.0,0.0
1272,20268,2.0,1.0,0.0,1.0
1273,20269,1.0,0.0,0.0,0.0
1274,20270,1.0,0.0,0.0,0.0
1275,20271,1.0,0.0,0.0,0.0
1276,20272,3.0,1.0,0.0,0.0
1277,20273,3.0,1.0,0.0,0.0
1278,20274,0.0,0.0,0.0,0.0
1279,20275,0.0,0.0,0.0,0.0
1280,20276,0.0,0.0,0.0,0.0
1281,20277,9.0,8.0,1.0,3.0
1282,20278,13.0,9.0,0.0,0.0
1283,20279,2.0,3.0,0.0,0.0
1284,20280,1.0,0.0,0.0,0.0
1285,20281,0.0,0.0,0.0,0.0
1286,20282,0.0,1.0,0.0,0.0
1287,20283,0.0,0.0,0.0,0.0
1288,20284,2.0,0.0,0.0,1.0
1289,20285,14.0,0.0,0.0,0.0
1290,20286,1.0,1.0,0.0,0.0
1291,20287,0.0,0.0,0.0,0.0
1292,20288,0.0,0.0,0.0,0.0
1293,20289,1.0,1.0,0.0,0.0
1294,20290,0.0,0.0,0.0,0.0
1295,20291,0.0,0.0,0.0,0.0
1296,20292,0.0,0.0,0.0,0.0
1297,20293,19.0,13.0,0.0,14.0
1298,20294,7.0,10.0,1.0,3.0
1299,20295,13.0,11.0,0.0,1.0
1300,20296,0.0,1.0,0.0,0.0
1301,20297,0.0,0.0,0.0,0.0
1302,20298,3.0,4.0,4.0,0.0
1303,20299,0.0,0.0,0.0,0.0
1304,20300,3.0,1.0,0.0,0.0
1305,20301,0.0,0.0,0.0,0.0
1306,20302,8.0,1.0,0.0,0.0
1307,20303,0.0,0.0,0.0,0.0
1308,20304,0.0,0.0,0.0,0.0
1309,20305,1.0,0.0,0.0,0.0
1310,20306,0.0,0.0,0.0,0.0
1311,20307,4.0,2.0,0.0,0.0
1312,20308,1.0,1.0,0.0,0.0
1313,20309,3.0,3.0,0.0,0.0
1314,20310,18.0,11.0,0.0,2.0
1315,20311,0.0,0.0,0.0,0.0
1316,20312,23.0,4.0,1.0,0.0
1317,20313,0.0,0.0,0.0,0.0
1318,20314,0.0,1.0,0.0,0.0
1319,20315,1.0,4.0,0.0,0.0
1320,20316,0.0,0.0,0.0,0.0
1321,20317,3.0,0.0,0.0,0.0
1322,20318,174.0,94.0,2.0,45.0
1323,20319,1.0,0.0,0.0,0.0
1324,20320,0.0,0.0,0.0,0.0
1325,20321,1.0,0.0,0.0,0.0
1326,20322,0.0,0.0,0.0,1.0
1327,20323,0.0,0.0,0.0,0.0
1328,20324,166.0,98.0,0.0,18.0
1329,20325,0.0,0.0,0.0,0.0
1330,20326,1.0,0.0,0.0,0.0
1331,20327,5.0,8.0,1.0,0.0
1332,20328,0.0,0.0,0.0,0.0
1333,20329,1.0,0.0,0.0,0.0
1334,20330,2.0,1.0,0.0,0.0
1335,20331,0.0,0.0,0.0,0.0
1336,20332,0.0,0.0,0.0,0.0
1337,20333,2.0,3.0,0.0,0.0
1338,20334,20.0,33.0,0.0,4.0
1339,20335,1.0,1.0,0.0,0.0
1340,20336,0.0,0.0,0.0,0.0
1341,20337,3.0,3.0,0.0,0.0
1342,20338,32.0,29.0,3.0,20.0
1343,20339,5.0,5.0,0.0,0.0
1344,20340,0.0,2.0,0.0,0.0
1345,20341,0.0,0.0,0.0,0.0
1346,20342,11.0,3.0,0.0,0.0
1347,20343,0.0,1.0,0.0,0.0
1348,20344,1.0,2.0,0.0,0.0
1349,20345,8.0,4.0,0.0,0.0
1350,20346,0.0,0.0,0.0,0.0
1351,20347,1.0,0.0,0.0,0.0
1352,20348,2.0,3.0,0.0,1.0
1353,20349,6.0,2.0,0.0,1.0
1354,20350,21.0,21.0,0.0,16.0
1355,20351,0.0,0.0,0.0,0.0
1356,20352,3.0,1.0,0.0,0.0
1357,20353,1.0,1.0,0.0,0.0
1358,20354,0.0,0.0,0.0,0.0
1359,20355,0.0,0.0,0.0,0.0
1360,20356,0.0,0.0,0.0,0.0
1361,20357,0.0,0.0,0.0,0.0
1362,20358,0.0,2.0,0.0,0.0
1363,20359,0.0,0.0,0.0,0.0
1364,20360,17.0,5.0,1.0,1.0
1365,20361,1.0,0.0,0.0,0.0
1366,20362,0.0,0.0,0.0,0.0
1367,20363,0.0,3.0,0.0,0.0
1368,20364,6.0,10.0,1.0,4.0
1369,20365,2.0,2.0,0.0,0.0
1370,20366,4.0,2.0,0.0,0.0
1371,20367,2.0,0.0,0.0,0.0
1372,20368,2.0,2.0,0.0,0.0
1373,20369,7.0,3.0,0.0,0.0
1374,20370,0.0,0.0,0.0,0.0
1375,20371,0.0,0.0,0.0,0.0
1376,20372,2.0,0.0,0.0,0.0
1377,20373,1.0,3.0,0.0,0.0
1378,20374,5.0,2.0,0.0,0.0
1379,20375,16.0,6.0,1.0,3.0
1380,20376,0.0,0.0,0.0,0.0
1381,20377,2.0,0.0,0.0,0.0
1382,20378,6.0,0.0,0.0,0.0
1383,20379,0.0,1.0,0.0,0.0
1384,20380,2.0,1.0,0.0,0.0
1385,20381,1.0,0.0,0.0,0.0
1386,20382,0.0,0.0,0.0,0.0
1387,20383,0.0,0.0,0.0,0.0
1388,20384,3.0,0.0,0.0,0.0
1389,20385,122.0,91.0,0.0,40.0
1390,20386,7.0,1.0,0.0,0.0
1391,20387,3.0,0.0,0.0,0.0
1392,20388,0.0,0.0,0.0,0.0
1393,20389,4.0,0.0,0.0,0.0
1394,20390,79.0,59.0,0.0,63.0
1395,20391,2.0,0.0,0.0,0.0
1396,20392,1.0,1.0,0.0,0.0
1397,20393,7.0,2.0,1.0,0.0
1398,20394,0.0,0.0,0.0,0.0
1399,20395,0.0,1.0,0.0,0.0
1400,20396,0.0,0.0,0.0,0.0
1401,20397,70.0,47.0,0.0,8.0
1402,20398,6.0,1.0,0.0,3.0
1403,20399,54.0,20.0,0.0,19.0
1404,20400,0.0,0.0,0.0,0.0
1405,20401,57.0,40.0,1.0,7.0
1406,20402,1.0,1.0,0.0,0.0
1407,20403,4.0,3.0,0.0,2.0
1408,20404,0.0,2.0,0.0,0.0
1409,20405,2.0,0.0,0.0,0.0
1410,20406,5.0,1.0,0.0,0.0
1411,20407,1.0,0.0,0.0,0.0
1412,20408,1.0,0.0,0.0,0.0
1413,20409,16.0,5.0,0.0,2.0
1414,20410,1.0,0.0,0.0,0.0
1415,20411,0.0,0.0,0.0,0.0
1416,20412,0.0,0.0,0.0,0.0
1417,20413,61.0,59.0,6.0,12.0
1418,20414,7.0,5.0,0.0,1.0
1419,20415,0.0,0.0,0.0,0.0
1420,20416,0.0,0.0,0.0,0.0
1421,20417,4.0,1.0,0.0,0.0
1422,20418,7.0,10.0,0.0,1.0
1423,20419,0.0,0.0,0.0,0.0
1424,20420,0.0,0.0,0.0,0.0
1425,20421,3.0,4.0,1.0,0.0
1426,20422,0.0,1.0,0.0,0.0
1427,20423,0.0,0.0,0.0,0.0
1428,20424,2.0,0.0,0.0,0.0
1429,20425,0.0,0.0,0.0,0.0
1430,20426,3.0,0.0,0.0,0.0
1431,20427,23.0,9.0,0.0,0.0
1432,20428,0.0,0.0,0.0,0.0
1433,20429,1.0,0.0,0.0,0.0
1434,20430,0.0,0.0,0.0,0.0
1435,20431,1.0,2.0,0.0,0.0
1436,20432,1.0,0.0,0.0,1.0
1437,20433,2.0,2.0,1.0,0.0
1438,20434,5.0,2.0,0.0,0.0
1439,20435,0.0,0.0,0.0,0.0
1440,20436,0.0,1.0,0.0,0.0
1441,20437,0.0,0.0,0.0,0.0
1442,20438,0.0,0.0,0.0,0.0
1443,20439,61.0,21.0,2.0,2.0
1444,20440,0.0,0.0,0.0,0.0
1445,20441,4.0,3.0,0.0,2.0
1446,20442,0.0,0.0,0.0,0.0
1447,20443,0.0,1.0,0.0,0.0
1448,20444,0.0,0.0,0.0,0.0
1449,20445,1.0,0.0,0.0,0.0
1450,20446,1.0,1.0,0.0,0.0
1451,20447,5.0,2.0,1.0,1.0
1452,20448,0.0,0.0,0.0,0.0
1453,20449,3.0,1.0,0.0,0.0
1454,20450,2.0,2.0,0.0,0.0
1455,20451,0.0,0.0,0.0,0.0
1456,20452,6.0,0.0,0.0,0.0
1457,20453,5.0,1.0,0.0,0.0
1458,20454,1.0,0.0,0.0,0.0
1459,20455,1.0,2.0,0.0,0.0
1460,20456,3.0,3.0,0.0,0.0
1461,20457,1.0,1.0,0.0,0.0
1462,20458,0.0,0.0,0.0,0.0
1463,20459,4.0,1.0,0.0,0.0
1464,20460,2.0,2.0,0.0,0.0
1465,20461,2.0,1.0,0.0,0.0
1466,20462,6.0,6.0,0.0,1.0
1467,20463,0.0,0.0,0.0,0.0
1468,20464,0.0,1.0,0.0,0.0
1469,20465,0.0,0.0,0.0,0.0
1470,20466,2.0,1.0,0.0,0.0
1471,20467,10.0,5.0,2.0,0.0
1472,20468,2.0,1.0,0.0,0.0
1473,20469,19.0,16.0,0.0,7.0
1474,20470,1.0,1.0,0.0,0.0
1475,20471,0.0,0.0,0.0,0.0
1476,20472,3.0,1.0,1.0,0.0
1477,20473,0.0,0.0,0.0,0.0
1478,20474,10.0,10.0,0.0,0.0
1479,20475,2.0,3.0,0.0,1.0
1480,20476,1.0,1.0,0.0,0.0
1481,20477,0.0,0.0,0.0,0.0
1482,20478,1.0,0.0,0.0,0.0
1483,20479,0.0,0.0,0.0,0.0
1484,20480,0.0,0.0,0.0,0.0
1485,20481,0.0,0.0,0.0,0.0
1486,20482,266.0,82.0,2.0,10.0
1487,20483,13.0,6.0,0.0,1.0
1488,20484,1.0,0.0,0.0,0.0
1489,20485,5.0,0.0,0.0,0.0
1490,20486,0.0,3.0,0.0,0.0
1491,20487,1.0,1.0,0.0,0.0
1492,20488,0.0,0.0,0.0,0.0
1493,20489,2.0,0.0,0.0,0.0
1494,20490,1.0,0.0,0.0,0.0
1495,20491,1.0,1.0,0.0,0.0
1496,20492,1.0,1.0,0.0,0.0
1497,20493,0.0,0.0,0.0,0.0
1498,20494,1.0,0.0,0.0,0.0
1499,20495,0.0,0.0,0.0,0.0
1500,20496,0.0,3.0,0.0,0.0
1501,20497,3.0,0.0,0.0,0.0
1502,20498,1.0,7.0,0.0,0.0
1503,20499,0.0,0.0,0.0,0.0
1504,20500,3.0,1.0,0.0,0.0
1505,20501,4.0,0.0,0.0,0.0
1506,20502,2.0,2.0,0.0,0.0
1507,20503,0.0,0.0,0.0,0.0
1508,20504,0.0,0.0,0.0,0.0
1509,20505,8.0,2.0,1.0,1.0
1510,20506,0.0,0.0,0.0,0.0
1511,20507,10.0,4.0,0.0,0.0
1512,20508,2.0,2.0,0.0,0.0
1513,20509,6.0,2.0,0.0,0.0
1514,20510,0.0,1.0,0.0,0.0
1515,20511,1.0,1.0,0.0,0.0
1516,20512,1.0,0.0,0.0,0.0
1517,20513,6.0,2.0,0.0,1.0
1518,20514,0.0,0.0,0.0,0.0
1519,20515,153.0,88.0,6.0,52.0
1520,20516,1.0,0.0,0.0,0.0
1521,20517,0.0,1.0,0.0,0.0
1522,20518,0.0,0.0,0.0,0.0
1523,20519,1.0,1.0,0.0,0.0
1524,20520,7.0,2.0,0.0,1.0
1525,20521,0.0,0.0,0.0,0.0
1526,20522,0.0,0.0,0.0,0.0
1527,20523,4.0,3.0,0.0,0.0
1528,20524,0.0,0.0,0.0,0.0
1529,20525,13.0,21.0,0.0,3.0
1530,20526,7.0,5.0,0.0,1.0
1531,20527,1.0,0.0,0.0,0.0
1532,20528,0.0,0.0,0.0,0.0
1533,20529,0.0,0.0,0.0,0.0
1534,20530,5.0,4.0,0.0,0.0
1535,20531,1.0,0.0,0.0,0.0
1536,20532,0.0,0.0,0.0,0.0
1537,20533,1.0,1.0,0.0,0.0
1538,20534,0.0,2.0,0.0,0.0
1539,20535,0.0,0.0,0.0,0.0
1540,20536,0.0,1.0,0.0,0.0
1541,20537,8.0,7.0,0.0,3.0
1542,20538,0.0,0.0,0.0,0.0
1543,20539,10.0,5.0,0.0,2.0
1544,20540,10.0,8.0,1.0,0.0
1545,20541,0.0,1.0,0.0,0.0
1546,20542,0.0,0.0,0.0,0.0
1547,20543,0.0,0.0,0.0,0.0
1548,20544,0.0,0.0,0.0,0.0
1549,20545,20.0,11.0,0.0,3.0
1550,20546,2.0,1.0,0.0,0.0
1551,20547,2.0,6.0,0.0,0.0
1552,20548,1.0,10.0,0.0,0.0
1553,20549,9.0,4.0,1.0,0.0
1554,20550,6.0,5.0,0.0,0.0
1555,20551,83.0,60.0,0.0,21.0
1556,20552,0.0,0.0,0.0,0.0
1557,20553,10.0,11.0,1.0,2.0
1558,20554,0.0,0.0,0.0,0.0
1559,20555,4.0,1.0,1.0,0.0
1560,20556,0.0,0.0,0.0,0.0
1561,20557,4.0,6.0,2.0,1.0
1562,20558,3.0,4.0,0.0,0.0
1563,20559,19.0,2.0,1.0,0.0
1564,20560,2.0,3.0,0.0,0.0
1565,20561,5.0,0.0,0.0,0.0
1566,20562,1.0,1.0,0.0,0.0
1567,20563,0.0,0.0,0.0,0.0
1568,20564,1.0,0.0,0.0,0.0
1569,20565,116.0,59.0,0.0,13.0
1570,20566,0.0,0.0,0.0,0.0
1571,20567,3.0,1.0,0.0,0.0
1572,20568,5.0,0.0,0.0,0.0
1573,20569,0.0,1.0,0.0,0.0
1574,20570,60.0,40.0,1.0,8.0
1575,20999,3.0,0.0,0.0,0.0
1576,21001,30.0,16.0,0.0,32.0
1577,21002,19.0,15.0,2.0,2.0
1578,21003,91.0,26.0,0.0,4.0
1579,21004,12.0,13.0,0.0,11.0
1580,21005,0.0,2.0,0.0,0.0
1581,21006,6.0,1.0,0.0,0.0
1582,21007,0.0,0.0,0.0,0.0
1583,21008,32.0,8.0,1.0,8.0
1584,21009,4.0,1.0,0.0,0.0
1585,21010,38.0,9.0,1.0,3.0
1586,21011,0.0,0.0,0.0,0.0
1587,21012,1.0,2.0,0.0,1.0
1588,21013,17.0,7.0,2.0,1.0
1589,21014,1.0,2.0,0.0,0.0
1590,21015,167.0,130.0,4.0,205.0
1591,21016,1.0,3.0,0.0,1.0
1592,21017,35.0,19.0,0.0,1.0
1593,21018,2.0,2.0,0.0,0.0
1594,21019,198.0,136.0,2.0,125.0
1595,21020,7.0,2.0,0.0,5.0
1596,21021,0.0,1.0,0.0,1.0
1597,21022,5.0,1.0,0.0,1.0
1598,21023,5.0,3.0,0.0,0.0
1599,21024,0.0,1.0,0.0,0.0
1600,21025,2.0,2.0,0.0,0.0
1601,21026,29.0,30.0,1.0,8.0
1602,21027,1.0,1.0,0.0,0.0
1603,21028,0.0,0.0,0.0,0.0
1604,21029,2.0,1.0,1.0,0.0
1605,21030,1.0,1.0,0.0,0.0
1606,21031,0.0,0.0,0.0,0.0
1607,21032,2.0,0.0,0.0,0.0
1608,21033,1.0,1.0,0.0,0.0
1609,21034,58.0,50.0,0.0,54.0
1610,21035,7.0,6.0,0.0,0.0
1611,21036,3.0,2.0,0.0,0.0
1612,21037,3.0,6.0,0.0,0.0
1613,21038,4.0,4.0,0.0,5.0
1614,21039,3.0,2.0,0.0,0.0
1615,21040,11.0,5.0,0.0,1.0
1616,21041,148.0,94.0,4.0,234.0
1617,21042,4.0,0.0,0.0,0.0
1618,21043,66.0,25.0,0.0,7.0
1619,21044,13.0,8.0,1.0,3.0
1620,21045,52.0,36.0,1.0,10.0
1621,21046,9.0,4.0,0.0,1.0
1622,21047,24.0,17.0,0.0,5.0
1623,21048,7.0,9.0,1.0,3.0
1624,21049,4.0,1.0,0.0,0.0
1625,21050,2.0,5.0,0.0,0.0
1626,21051,74.0,20.0,3.0,12.0
1627,21052,0.0,0.0,0.0,0.0
1628,21053,36.0,43.0,3.0,35.0
1629,21054,24.0,11.0,0.0,3.0
1630,21055,6.0,7.0,0.0,0.0
1631,21056,0.0,1.0,0.0,0.0
1632,21057,12.0,3.0,0.0,1.0
1633,21058,6.0,6.0,0.0,2.0
1634,21059,7.0,0.0,0.0,0.0
1635,21060,8.0,2.0,0.0,1.0
1636,21061,4.0,4.0,0.0,0.0
1637,21062,5.0,4.0,0.0,0.0
1638,21063,20.0,17.0,0.0,1.0
1639,21064,15.0,12.0,1.0,2.0
1640,21065,4.0,8.0,1.0,1.0
1641,21066,10.0,1.0,0.0,0.0
1642,21067,27.0,25.0,1.0,4.0
1643,21068,1.0,0.0,0.0,0.0
1644,21069,20.0,11.0,0.0,1.0
1645,21070,9.0,7.0,2.0,0.0
1646,21071,162.0,82.0,4.0,68.0
1647,21072,19.0,8.0,0.0,4.0
1648,21073,6.0,4.0,0.0,0.0
1649,21074,83.0,55.0,4.0,74.0
1650,21075,7.0,5.0,0.0,1.0
1651,21076,23.0,19.0,3.0,2.0
1652,21077,1.0,0.0,0.0,0.0
1653,21078,6.0,2.0,0.0,0.0
1654,21079,14.0,2.0,1.0,1.0
1655,21080,1.0,0.0,0.0,0.0
1656,21081,2.0,0.0,0.0,0.0
1657,21082,13.0,5.0,0.0,3.0
1658,21083,3.0,3.0,0.0,1.0
1659,21084,3.0,1.0,0.0,0.0
1660,21085,134.0,65.0,1.0,59.0
1661,21086,11.0,4.0,0.0,0.0
1662,21087,3.0,3.0,0.0,0.0
1663,21088,0.0,0.0,0.0,1.0
1664,21089,3.0,1.0,0.0,0.0
1665,21090,25.0,38.0,6.0,23.0
1666,21091,14.0,5.0,0.0,6.0
1667,21092,3.0,2.0,0.0,0.0
1668,21093,7.0,4.0,0.0,1.0
1669,21094,33.0,44.0,1.0,29.0
1670,21095,0.0,0.0,0.0,0.0
1671,21096,7.0,1.0,0.0,0.0
1672,21097,0.0,1.0,0.0,0.0
1673,21098,11.0,6.0,0.0,0.0
1674,21099,11.0,13.0,0.0,1.0
1675,21100,5.0,0.0,0.0,0.0
1676,21101,2.0,2.0,0.0,0.0
1677,21102,10.0,7.0,0.0,4.0
1678,21103,6.0,0.0,0.0,1.0
1679,21104,9.0,6.0,0.0,5.0
1680,21105,5.0,3.0,0.0,0.0
1681,21106,42.0,24.0,0.0,12.0
1682,21107,5.0,3.0,0.0,0.0
1683,21108,28.0,37.0,0.0,10.0
1684,21109,18.0,4.0,0.0,0.0
1685,21110,31.0,23.0,1.0,6.0
1686,21111,9.0,4.0,0.0,1.0
1687,21112,16.0,5.0,0.0,1.0
1688,21113,8.0,3.0,0.0,1.0
1689,21114,750.0,786.0,58.0,2264.0
1690,21115,14.0,14.0,0.0,3.0
1691,21116,9.0,5.0,0.0,1.0
1692,21117,11.0,5.0,0.0,9.0
1693,21118,16.0,9.0,1.0,5.0
1694,21119,130.0,165.0,8.0,256.0
1695,21120,2.0,1.0,1.0,0.0
1696,21121,0.0,0.0,0.0,0.0
1697,21122,5.0,3.0,0.0,0.0
1698,21123,0.0,1.0,0.0,0.0
1699,21124,10.0,6.0,0.0,1.0
1700,21125,6.0,2.0,0.0,3.0
1701,21126,2.0,3.0,0.0,0.0
1702,21127,4.0,3.0,0.0,0.0
1703,21128,4.0,6.0,0.0,5.0
1704,21129,5.0,4.0,1.0,0.0
1705,21130,4.0,4.0,0.0,0.0
1706,21131,2.0,1.0,0.0,0.0
1707,21132,157.0,87.0,7.0,208.0
1708,21133,1.0,1.0,0.0,0.0
1709,21134,20.0,9.0,0.0,2.0
1710,21135,1.0,0.0,0.0,0.0
1711,21136,12.0,12.0,0.0,4.0
1712,21137,3.0,6.0,1.0,0.0
1713,21138,8.0,6.0,0.0,0.0
1714,21139,7.0,3.0,0.0,0.0
1715,21140,268.0,165.0,1.0,201.0
1716,21141,9.0,2.0,0.0,0.0
1717,21142,39.0,15.0,1.0,15.0
1718,21143,20.0,6.0,1.0,31.0
1719,21144,10.0,5.0,1.0,4.0
1720,21145,2.0,1.0,0.0,0.0
1721,21146,1.0,1.0,0.0,0.0
1722,21147,3.0,3.0,0.0,0.0
1723,21148,9.0,8.0,0.0,8.0
1724,21149,42.0,16.0,1.0,4.0
1725,21150,9.0,5.0,0.0,0.0
1726,21151,4.0,4.0,0.0,1.0
1727,21152,6.0,4.0,0.0,0.0
1728,21153,26.0,14.0,3.0,6.0
1729,21154,68.0,37.0,3.0,58.0
1730,21155,4.0,1.0,0.0,0.0
1731,21156,395.0,223.0,9.0,238.0
1732,21157,16.0,12.0,0.0,4.0
1733,21158,6.0,2.0,0.0,0.0
1734,21159,5.0,1.0,1.0,0.0
1735,21160,0.0,0.0,0.0,0.0
1736,21161,42.0,15.0,1.0,11.0
1737,21162,3.0,1.0,0.0,0.0
1738,21163,41.0,19.0,0.0,10.0
1739,21164,40.0,46.0,1.0,40.0
1740,21165,0.0,1.0,0.0,0.0
1741,21166,22.0,13.0,1.0,6.0
1742,21167,1.0,2.0,0.0,0.0
1743,21168,6.0,11.0,0.0,0.0
1744,21169,79.0,19.0,4.0,2.0
1745,21170,17.0,10.0,0.0,8.0
1746,21171,4.0,0.0,0.0,4.0
1747,21172,27.0,24.0,7.0,5.0
1748,21173,14.0,3.0,0.0,2.0
1749,21174,177.0,62.0,7.0,26.0
1750,21175,4.0,4.0,0.0,1.0
1751,21176,9.0,4.0,0.0,1.0
1752,21177,44.0,23.0,0.0,29.0
1753,21178,6.0,3.0,0.0,0.0
1754,21179,17.0,8.0,0.0,1.0
1755,21180,37.0,17.0,0.0,4.0
1756,21181,14.0,10.0,0.0,3.0
1757,21182,1.0,3.0,0.0,0.0
1758,21183,23.0,15.0,0.0,2.0
1759,21184,0.0,1.0,0.0,0.0
1760,21185,8.0,8.0,0.0,0.0
1761,21186,54.0,34.0,1.0,11.0
1762,21187,0.0,1.0,0.0,0.0
1763,21188,7.0,3.0,0.0,0.0
1764,21189,17.0,13.0,0.0,8.0
1765,21190,1.0,0.0,0.0,0.0
1766,21191,3.0,2.0,0.0,0.0
1767,21192,2.0,2.0,0.0,0.0
1768,21193,5.0,3.0,0.0,0.0
1769,21194,17.0,6.0,1.0,1.0
1770,21195,15.0,3.0,0.0,0.0
1771,21196,4.0,0.0,0.0,0.0
1772,21197,76.0,30.0,2.0,15.0
1773,21198,1.0,1.0,0.0,0.0
1774,21199,25.0,16.0,2.0,0.0
1775,21200,0.0,1.0,0.0,0.0
1776,21201,2.0,2.0,0.0,0.0
1777,21202,3.0,3.0,0.0,0.0
1778,21203,3.0,2.0,0.0,0.0
1779,21204,7.0,1.0,0.0,0.0
1780,21205,4.0,4.0,2.0,4.0
1781,21206,14.0,3.0,0.0,1.0
1782,21207,29.0,21.0,0.0,7.0
1783,21208,100.0,80.0,2.0,31.0
1784,21209,7.0,2.0,0.0,1.0
1785,21210,1.0,0.0,0.0,0.0
1786,21211,51.0,36.0,2.0,7.0
1787,21212,2.0,3.0,1.0,1.0
1788,21213,5.0,7.0,0.0,0.0
1789,21214,8.0,3.0,1.0,1.0
1790,21215,4.0,0.0,0.0,0.0
1791,21216,0.0,0.0,0.0,0.0
1792,21217,6.0,2.0,0.0,0.0
1793,22001,134.0,54.0,5.0,8.0
1794,22002,25.0,13.0,0.0,2.0
1795,22003,22.0,4.0,1.0,0.0
1796,22004,90.0,32.0,8.0,16.0
1797,22005,60.0,30.0,7.0,22.0
1798,22006,378.0,122.0,13.0,224.0
1799,22007,54.0,21.0,1.0,17.0
1800,22008,93.0,59.0,5.0,10.0
1801,22009,56.0,20.0,0.0,1.0
1802,22010,24.0,3.0,2.0,1.0
1803,22011,395.0,160.0,18.0,198.0
1804,22012,104.0,46.0,4.0,36.0
1805,22013,21.0,16.0,1.0,2.0
1806,22014,2194.0,826.0,162.0,2902.0
1807,22015,15.0,2.0,1.0,6.0
1808,22016,909.0,270.0,49.0,241.0
1809,22017,126.0,36.0,6.0,66.0
1810,22018,17.0,18.0,3.0,1.0
1811,22998,9.0,0.0,4.0,0.0
1812,23001,106.0,258.0,6.0,83.0
1813,23002,120.0,128.0,4.0,18.0
1814,23003,20.0,37.0,1.0,15.0
1815,23004,426.0,1001.0,18.0,169.0
1816,23005,1376.0,1590.0,100.0,3413.0
1817,23006,50.0,90.0,4.0,4.0
1818,23007,27.0,37.0,0.0,5.0
1819,23008,479.0,670.0,67.0,427.0
1820,23009,128.0,198.0,14.0,44.0
1821,23010,95.0,154.0,4.0,16.0
1822,23011,46.0,73.0,2.0,31.0
1823,24001,13.0,39.0,0.0,2.0
1824,24002,7.0,8.0,0.0,0.0
1825,24003,44.0,26.0,3.0,1.0
1826,24004,7.0,5.0,0.0,0.0
1827,24005,26.0,20.0,1.0,2.0
1828,24006,11.0,7.0,0.0,0.0
1829,24007,19.0,39.0,0.0,1.0
1830,24008,44.0,30.0,0.0,2.0
1831,24009,5.0,5.0,0.0,0.0
1832,24010,34.0,45.0,2.0,2.0
1833,24011,51.0,72.0,3.0,5.0
1834,24012,16.0,13.0,3.0,3.0
1835,24013,312.0,403.0,25.0,34.0
1836,24014,8.0,4.0,0.0,1.0
1837,24015,26.0,19.0,2.0,2.0
1838,24016,7.0,4.0,1.0,2.0
1839,24017,14.0,37.0,0.0,2.0
1840,24018,14.0,9.0,0.0,1.0
1841,24019,6.0,10.0,0.0,0.0
1842,24020,92.0,207.0,13.0,24.0
1843,24021,61.0,83.0,0.0,3.0
1844,24022,6.0,14.0,0.0,1.0
1845,24023,15.0,17.0,1.0,2.0
1846,24024,176.0,174.0,6.0,23.0
1847,24025,56.0,82.0,8.0,8.0
1848,24026,7.0,7.0,0.0,0.0
1849,24027,11.0,20.0,3.0,2.0
1850,24028,1288.0,2988.0,68.0,1355.0
1851,24029,19.0,11.0,0.0,0.0
1852,24030,3.0,5.0,0.0,0.0
1853,24031,8.0,6.0,0.0,0.0
1854,24032,57.0,80.0,0.0,2.0
1855,24033,8.0,14.0,1.0,0.0
1856,24034,29.0,22.0,0.0,0.0
1857,24035,341.0,575.0,13.0,379.0
1858,24036,25.0,28.0,0.0,0.0
1859,24037,102.0,72.0,1.0,7.0
1860,24038,6.0,8.0,1.0,1.0
1861,24039,20.0,10.0,2.0,0.0
1862,24040,53.0,39.0,0.0,5.0
1863,24041,15.0,18.0,1.0,0.0
1864,24042,14.0,19.0,0.0,0.0
1865,24043,5.0,1.0,0.0,0.0
1866,24044,1.0,10.0,0.0,0.0
1867,24045,9.0,11.0,1.0,0.0
1868,24046,21.0,23.0,2.0,1.0
1869,24047,1.0,2.0,0.0,1.0
1870,24048,6.0,14.0,0.0,1.0
1871,24049,24.0,39.0,0.0,0.0
1872,24050,123.0,135.0,1.0,2.0
1873,24051,7.0,30.0,2.0,3.0
1874,24052,11.0,19.0,0.0,0.0
1875,24053,37.0,21.0,2.0,7.0
1876,24054,64.0,47.0,4.0,6.0
1877,24055,39.0,38.0,0.0,2.0
1878,24056,18.0,29.0,2.0,2.0
1879,24057,30.0,22.0,4.0,0.0
1880,24058,18.0,26.0,0.0,1.0
1881,25001,293.0,382.0,12.0,223.0
1882,25002,29.0,28.0,1.0,1.0
1883,25003,6.0,2.0,0.0,1.0
1884,25004,1.0,6.0,0.0,0.0
1885,25005,1.0,1.0,0.0,0.0
1886,25006,511.0,960.0,13.0,837.0
1887,25007,2.0,3.0,0.0,1.0
1888,25008,0.0,16.0,1.0,2.0
1889,25009,13.0,22.0,1.0,2.0
1890,25010,6.0,25.0,0.0,4.0
1891,25011,288.0,252.0,8.0,21.0
1892,25012,295.0,577.0,28.0,89.0
1893,25013,9.0,21.0,1.0,0.0
1894,25014,6.0,20.0,3.0,1.0
1895,25015,22.0,49.0,1.0,3.0
1896,25016,1.0,3.0,0.0,0.0
1897,25017,18.0,23.0,0.0,0.0
1898,25018,5.0,59.0,1.0,7.0
1899,26001,0.0,2.0,0.0,0.0
1900,26002,200.0,216.0,32.0,45.0
1901,26003,0.0,6.0,2.0,0.0
1902,26004,1.0,2.0,0.0,0.0
1903,26005,0.0,1.0,0.0,0.0
1904,26006,0.0,4.0,0.0,0.0
1905,26007,0.0,0.0,0.0,0.0
1906,26008,0.0,3.0,0.0,0.0
1907,26009,0.0,0.0,0.0,0.0
1908,26010,0.0,1.0,0.0,0.0
1909,26011,0.0,1.0,0.0,0.0
1910,26012,5.0,17.0,0.0,1.0
1911,26013,0.0,2.0,0.0,0.0
1912,26014,1.0,3.0,0.0,0.0
1913,26015,0.0,1.0,0.0,0.0
1914,26016,11.0,7.0,0.0,1.0
1915,26017,4.0,67.0,1.0,7.0
1916,26018,222.0,588.0,6.0,304.0
1917,26019,13.0,39.0,3.0,7.0
1918,26020,0.0,0.0,0.0,0.0
1919,26021,0.0,0.0,0.0,0.0
1920,26022,3.0,2.0,0.0,0.0
1921,26023,8.0,11.0,0.0,0.0
1922,26024,0.0,0.0,0.0,0.0
1923,26025,5.0,49.0,0.0,5.0
1924,26026,13.0,57.0,2.0,7.0
1925,26027,11.0,12.0,0.0,0.0
1926,26028,0.0,0.0,0.0,0.0
1927,26029,22.0,99.0,3.0,24.0
1928,26030,250.0,751.0,13.0,360.0
1929,26031,0.0,0.0,0.0,0.0
1930,26032,1.0,0.0,0.0,0.0
1931,26033,28.0,55.0,1.0,4.0
1932,26034,0.0,0.0,0.0,0.0
1933,26035,10.0,25.0,1.0,0.0
1934,26036,30.0,75.0,3.0,1.0
1935,26037,0.0,0.0,0.0,0.0
1936,26038,4.0,2.0,0.0,0.0
1937,26039,1.0,8.0,0.0,0.0
1938,26040,0.0,0.0,0.0,1.0
1939,26041,11.0,26.0,0.0,0.0
1940,26042,42.0,265.0,0.0,100.0
1941,26043,37.0,249.0,3.0,60.0
1942,26044,0.0,0.0,0.0,0.0
1943,26045,0.0,0.0,0.0,0.0
1944,26046,0.0,0.0,0.0,0.0
1945,26047,1.0,4.0,0.0,0.0
1946,26048,24.0,62.0,2.0,6.0
1947,26049,0.0,0.0,0.0,0.0
1948,26050,0.0,0.0,0.0,0.0
1949,26051,1.0,1.0,0.0,0.0
1950,26052,3.0,8.0,0.0,0.0
1951,26053,0.0,0.0,0.0,0.0
1952,26054,0.0,0.0,0.0,0.0
1953,26055,2.0,262.0,0.0,22.0
1954,26056,1.0,3.0,1.0,0.0
1955,26057,0.0,0.0,0.0,0.0
1956,26058,15.0,16.0,0.0,2.0
1957,26059,0.0,0.0,0.0,0.0
1958,26060,0.0,0.0,0.0,0.0
1959,26061,1.0,1.0,0.0,0.0
1960,26062,0.0,0.0,0.0,0.0
1961,26063,0.0,0.0,0.0,0.0
1962,26064,1.0,0.0,0.0,0.0
1963,26065,0.0,0.0,0.0,0.0
1964,26066,3.0,5.0,0.0,0.0
1965,26067,1.0,3.0,0.0,0.0
1966,26068,0.0,0.0,0.0,0.0
1967,26069,3.0,8.0,0.0,0.0
1968,26070,0.0,3.0,0.0,1.0
1969,26071,16.0,79.0,7.0,10.0
1970,26072,4.0,7.0,0.0,0.0
1971,26998,0.0,0.0,0.0,0.0
1972,26999,1.0,0.0,0.0,0.0
1973,27001,113.0,99.0,1.0,6.0
1974,27002,479.0,233.0,19.0,147.0
1975,27003,257.0,141.0,5.0,38.0
1976,27004,2021.0,776.0,47.0,1035.0
1977,27005,284.0,166.0,4.0,96.0
1978,27006,298.0,193.0,3.0,25.0
1979,27007,74.0,42.0,1.0,15.0
1980,27008,260.0,167.0,9.0,43.0
1981,27009,55.0,42.0,4.0,5.0
1982,27010,243.0,184.0,4.0,38.0
1983,27011,52.0,43.0,0.0,0.0
1984,27012,305.0,202.0,7.0,70.0
1985,27013,293.0,193.0,8.0,70.0
1986,27014,169.0,72.0,10.0,103.0
1987,27015,80.0,54.0,0.0,8.0
1988,27016,147.0,96.0,2.0,17.0
1989,27017,184.0,111.0,3.0,15.0
1990,28001,0.0,3.0,0.0,0.0
1991,28002,15.0,33.0,1.0,2.0
1992,28003,198.0,244.0,9.0,92.0
1993,28004,7.0,11.0,0.0,2.0
1994,28005,1.0,5.0,0.0,0.0
1995,28006,1.0,3.0,0.0,0.0
1996,28007,10.0,11.0,1.0,3.0
1997,28008,0.0,1.0,0.0,0.0
1998,28009,174.0,254.0,10.0,161.0
1999,28010,1.0,3.0,0.0,0.0
2000,28011,4.0,8.0,0.0,2.0
2001,28012,9.0,19.0,0.0,2.0
2002,28013,14.0,19.0,3.0,2.0
2003,28014,1.0,1.0,0.0,0.0
2004,28015,7.0,15.0,0.0,0.0
2005,28016,13.0,26.0,4.0,1.0
2006,28017,12.0,19.0,2.0,1.0
2007,28018,3.0,6.0,0.0,1.0
2008,28019,6.0,23.0,0.0,0.0
2009,28020,0.0,2.0,0.0,0.0
2010,28021,117.0,187.0,7.0,32.0
2011,28022,161.0,412.0,27.0,104.0
2012,28023,1.0,2.0,0.0,0.0
2013,28024,0.0,5.0,0.0,0.0
2014,28025,34.0,59.0,4.0,6.0
2015,28026,1.0,2.0,0.0,0.0
2016,28027,91.0,285.0,13.0,29.0
2017,28028,1.0,2.0,0.0,0.0
2018,28029,9.0,20.0,1.0,3.0
2019,28030,11.0,10.0,1.0,0.0
2020,28031,2.0,7.0,0.0,0.0
2021,28032,420.0,866.0,19.0,726.0
2022,28033,51.0,106.0,4.0,9.0
2023,28034,0.0,3.0,0.0,0.0
2024,28035,24.0,47.0,2.0,12.0
2025,28036,0.0,0.0,0.0,0.0
2026,28037,23.0,28.0,0.0,7.0
2027,28038,163.0,522.0,6.0,211.0
2028,28039,17.0,37.0,3.0,7.0
2029,28040,5.0,18.0,0.0,2.0
2030,28041,298.0,532.0,40.0,140.0
2031,28042,1.0,2.0,0.0,0.0
2032,28043,22.0,31.0,4.0,4.0
2033,29001,0.0,1.0,0.0,0.0
2034,29002,0.0,6.0,0.0,16.0
2035,29003,1.0,4.0,0.0,1.0
2036,29004,0.0,0.0,0.0,1.0
2037,29005,1.0,20.0,0.0,78.0
2038,29006,1.0,12.0,0.0,16.0
2039,29007,0.0,0.0,0.0,0.0
2040,29008,0.0,1.0,0.0,2.0
2041,29009,0.0,0.0,0.0,0.0
2042,29010,3.0,18.0,0.0,44.0
2043,29011,0.0,0.0,0.0,2.0
2044,29012,0.0,0.0,0.0,0.0
2045,29013,1.0,6.0,0.0,37.0
2046,29014,0.0,1.0,0.0,0.0
2047,29015,5.0,15.0,1.0,2.0
2048,29016,0.0,1.0,0.0,2.0
2049,29017,0.0,1.0,0.0,0.0
2050,29018,0.0,4.0,0.0,6.0
2051,29019,0.0,6.0,0.0,0.0
2052,29020,0.0,1.0,0.0,0.0
2053,29021,0.0,0.0,0.0,2.0
2054,29022,0.0,0.0,0.0,0.0
2055,29023,0.0,8.0,0.0,4.0
2056,29024,0.0,3.0,0.0,1.0
2057,29025,1.0,14.0,1.0,14.0
2058,29026,0.0,12.0,0.0,3.0
2059,29027,0.0,1.0,0.0,1.0
2060,29028,0.0,2.0,0.0,4.0
2061,29029,0.0,4.0,0.0,1.0
2062,29030,0.0,1.0,0.0,2.0
2063,29031,0.0,4.0,0.0,11.0
2064,29032,0.0,2.0,0.0,2.0
2065,29033,6.0,33.0,1.0,58.0
2066,29034,0.0,8.0,0.0,5.0
2067,29035,0.0,0.0,0.0,0.0
2068,29036,1.0,4.0,0.0,7.0
2069,29037,0.0,0.0,0.0,3.0
2070,29038,0.0,4.0,0.0,7.0
2071,29039,0.0,2.0,0.0,5.0
2072,29040,0.0,3.0,0.0,2.0
2073,29041,0.0,5.0,0.0,2.0
2074,29042,0.0,1.0,0.0,4.0
2075,29043,1.0,11.0,0.0,15.0
2076,29044,4.0,8.0,0.0,15.0
2077,29045,0.0,0.0,0.0,0.0
2078,29046,0.0,0.0,0.0,0.0
2079,29047,0.0,0.0,0.0,0.0
2080,29048,0.0,4.0,0.0,8.0
2081,29049,0.0,0.0,0.0,2.0
2082,29050,1.0,0.0,0.0,2.0
2083,29051,0.0,1.0,0.0,2.0
2084,29052,0.0,1.0,0.0,3.0
2085,29053,0.0,2.0,0.0,3.0
2086,29054,0.0,0.0,0.0,0.0
2087,29055,0.0,0.0,0.0,0.0
2088,29056,0.0,2.0,0.0,0.0
2089,29057,0.0,0.0,0.0,1.0
2090,29058,0.0,1.0,0.0,0.0
2091,29059,0.0,1.0,0.0,0.0
2092,29060,0.0,0.0,0.0,2.0
2093,30001,9.0,7.0,1.0,4.0
2094,30002,4.0,3.0,0.0,0.0
2095,30003,102.0,99.0,9.0,126.0
2096,30004,37.0,33.0,2.0,3.0
2097,30005,7.0,8.0,0.0,0.0
2098,30006,29.0,14.0,1.0,0.0
2099,30007,2.0,6.0,0.0,0.0
2100,30008,6.0,3.0,1.0,0.0
2101,30009,10.0,35.0,1.0,0.0
2102,30010,23.0,33.0,5.0,4.0
2103,30011,55.0,31.0,2.0,33.0
2104,30012,7.0,16.0,1.0,1.0
2105,30013,14.0,40.0,3.0,20.0
2106,30014,41.0,34.0,1.0,15.0
2107,30015,36.0,26.0,3.0,17.0
2108,30016,9.0,64.0,1.0,31.0
2109,30017,2.0,1.0,0.0,0.0
2110,30018,0.0,0.0,0.0,0.0
2111,30019,0.0,7.0,0.0,1.0
2112,30020,5.0,5.0,0.0,0.0
2113,30021,34.0,29.0,3.0,2.0
2114,30022,13.0,7.0,0.0,1.0
2115,30023,20.0,19.0,5.0,1.0
2116,30024,5.0,14.0,0.0,0.0
2117,30025,3.0,3.0,1.0,0.0
2118,30026,28.0,41.0,9.0,19.0
2119,30027,4.0,2.0,0.0,0.0
2120,30028,176.0,224.0,15.0,562.0
2121,30029,7.0,4.0,0.0,0.0
2122,30030,42.0,15.0,2.0,28.0
2123,30031,29.0,10.0,0.0,0.0
2124,30032,98.0,58.0,1.0,16.0
2125,30033,18.0,10.0,1.0,2.0
2126,30034,19.0,11.0,2.0,3.0
2127,30035,2.0,6.0,1.0,1.0
2128,30036,5.0,2.0,1.0,2.0
2129,30037,2.0,0.0,0.0,0.0
2130,30038,66.0,102.0,15.0,32.0
2131,30039,525.0,581.0,66.0,966.0
2132,30040,44.0,44.0,2.0,20.0
2133,30041,2.0,1.0,0.0,0.0
2134,30042,0.0,4.0,0.0,1.0
2135,30043,13.0,5.0,1.0,1.0
2136,30044,258.0,255.0,44.0,222.0
2137,30045,192.0,141.0,5.0,14.0
2138,30046,0.0,5.0,0.0,5.0
2139,30047,46.0,27.0,3.0,3.0
2140,30048,187.0,160.0,18.0,97.0
2141,30049,8.0,14.0,0.0,8.0
2142,30050,6.0,3.0,1.0,0.0
2143,30051,10.0,21.0,0.0,0.0
2144,30052,7.0,4.0,0.0,0.0
2145,30053,16.0,24.0,2.0,8.0
2146,30054,22.0,11.0,0.0,0.0
2147,30055,4.0,6.0,0.0,0.0
2148,30056,3.0,4.0,0.0,0.0
2149,30057,5.0,3.0,0.0,0.0
2150,30058,19.0,22.0,1.0,1.0
2151,30059,28.0,12.0,0.0,1.0
2152,30060,3.0,7.0,0.0,4.0
2153,30061,163.0,118.0,10.0,57.0
2154,30062,14.0,8.0,1.0,2.0
2155,30063,2.0,6.0,0.0,3.0
2156,30064,1.0,1.0,0.0,0.0
2157,30065,52.0,74.0,8.0,16.0
2158,30066,18.0,15.0,0.0,4.0
2159,30067,0.0,1.0,0.0,0.0
2160,30068,76.0,65.0,13.0,29.0
2161,30069,11.0,20.0,0.0,5.0
2162,30070,5.0,6.0,0.0,1.0
2163,30071,62.0,49.0,6.0,18.0
2164,30072,28.0,15.0,0.0,6.0
2165,30073,52.0,35.0,3.0,14.0
2166,30074,8.0,7.0,2.0,2.0
2167,30075,7.0,6.0,1.0,1.0
2168,30076,5.0,3.0,1.0,0.0
2169,30077,32.0,54.0,10.0,21.0
2170,30078,2.0,5.0,0.0,1.0
2171,30079,4.0,1.0,0.0,0.0
2172,30080,19.0,9.0,2.0,1.0
2173,30081,28.0,19.0,2.0,1.0
2174,30082,24.0,11.0,2.0,10.0
2175,30083,8.0,23.0,0.0,5.0
2176,30084,6.0,23.0,1.0,2.0
2177,30085,77.0,26.0,5.0,5.0
2178,30086,18.0,16.0,1.0,5.0
2179,30087,747.0,726.0,194.0,417.0
2180,30088,1.0,0.0,0.0,0.0
2181,30089,28.0,19.0,6.0,22.0
2182,30090,13.0,10.0,0.0,5.0
2183,30091,12.0,14.0,4.0,1.0
2184,30092,16.0,7.0,1.0,5.0
2185,30093,8.0,5.0,2.0,0.0
2186,30094,15.0,37.0,2.0,3.0
2187,30095,4.0,3.0,0.0,0.0
2188,30096,0.0,0.0,0.0,0.0
2189,30097,30.0,24.0,2.0,23.0
2190,30098,0.0,1.0,0.0,0.0
2191,30099,22.0,24.0,1.0,2.0
2192,30100,5.0,7.0,1.0,2.0
2193,30101,33.0,17.0,4.0,5.0
2194,30102,235.0,117.0,63.0,62.0
2195,30103,1.0,1.0,0.0,1.0
2196,30104,3.0,0.0,0.0,0.0
2197,30105,87.0,106.0,7.0,192.0
2198,30106,3.0,0.0,0.0,0.0
2199,30107,0.0,0.0,0.0,0.0
2200,30108,180.0,275.0,12.0,255.0
2201,30109,42.0,67.0,6.0,22.0
2202,30110,5.0,3.0,0.0,0.0
2203,30111,12.0,20.0,0.0,5.0
2204,30112,12.0,14.0,2.0,12.0
2205,30113,6.0,3.0,0.0,0.0
2206,30114,17.0,15.0,0.0,5.0
2207,30115,83.0,42.0,3.0,26.0
2208,30116,17.0,12.0,2.0,10.0
2209,30117,15.0,11.0,0.0,2.0
2210,30118,216.0,196.0,24.0,120.0
2211,30119,2.0,2.0,0.0,0.0
2212,30120,6.0,9.0,1.0,1.0
2213,30121,22.0,28.0,1.0,1.0
2214,30122,1.0,4.0,0.0,0.0
2215,30123,99.0,111.0,14.0,39.0
2216,30124,124.0,141.0,14.0,62.0
2217,30125,19.0,18.0,2.0,2.0
2218,30126,9.0,10.0,1.0,10.0
2219,30127,11.0,5.0,3.0,0.0
2220,30128,64.0,49.0,4.0,35.0
2221,30129,13.0,15.0,5.0,1.0
2222,30130,35.0,18.0,1.0,1.0
2223,30131,269.0,329.0,24.0,326.0
2224,30132,10.0,9.0,0.0,4.0
2225,30133,33.0,29.0,1.0,3.0
2226,30134,6.0,17.0,0.0,2.0
2227,30135,18.0,19.0,5.0,2.0
2228,30136,5.0,4.0,1.0,1.0
2229,30137,1.0,5.0,0.0,0.0
2230,30138,61.0,53.0,5.0,30.0
2231,30139,10.0,2.0,0.0,1.0
2232,30140,1.0,0.0,0.0,0.0
2233,30141,321.0,196.0,17.0,31.0
2234,30142,15.0,12.0,1.0,3.0
2235,30143,84.0,46.0,1.0,10.0
2236,30144,23.0,13.0,0.0,6.0
2237,30145,18.0,11.0,0.0,4.0
2238,30146,2.0,1.0,0.0,0.0
2239,30147,4.0,3.0,0.0,0.0
2240,30148,17.0,14.0,0.0,4.0
2241,30149,12.0,11.0,0.0,0.0
2242,30150,3.0,1.0,0.0,0.0
2243,30151,8.0,8.0,1.0,0.0
2244,30152,2.0,4.0,0.0,0.0
2245,30153,4.0,3.0,1.0,0.0
2246,30154,3.0,3.0,0.0,1.0
2247,30155,58.0,71.0,26.0,17.0
2248,30156,1.0,1.0,0.0,0.0
2249,30157,14.0,11.0,0.0,3.0
2250,30158,17.0,20.0,1.0,6.0
2251,30159,6.0,6.0,1.0,0.0
2252,30160,77.0,93.0,11.0,29.0
2253,30161,22.0,24.0,1.0,7.0
2254,30162,2.0,3.0,0.0,1.0
2255,30163,0.0,1.0,0.0,0.0
2256,30164,4.0,6.0,3.0,2.0
2257,30165,4.0,2.0,0.0,1.0
2258,30166,6.0,1.0,0.0,0.0
2259,30167,6.0,8.0,2.0,0.0
2260,30168,5.0,7.0,1.0,1.0
2261,30169,10.0,12.0,0.0,2.0
2262,30170,4.0,4.0,0.0,0.0
2263,30171,4.0,2.0,1.0,0.0
2264,30172,13.0,8.0,0.0,2.0
2265,30173,13.0,10.0,0.0,4.0
2266,30174,106.0,129.0,6.0,40.0
2267,30175,72.0,86.0,3.0,48.0
2268,30176,5.0,7.0,0.0,0.0
2269,30177,3.0,2.0,1.0,0.0
2270,30178,13.0,16.0,0.0,3.0
2271,30179,3.0,4.0,0.0,0.0
2272,30180,2.0,1.0,0.0,0.0
2273,30181,14.0,20.0,1.0,9.0
2274,30182,15.0,6.0,2.0,1.0
2275,30183,97.0,58.0,7.0,19.0
2276,30184,7.0,5.0,0.0,1.0
2277,30185,6.0,5.0,0.0,2.0
2278,30186,1.0,6.0,0.0,1.0
2279,30187,3.0,0.0,0.0,0.0
2280,30188,11.0,17.0,1.0,1.0
2281,30189,201.0,230.0,22.0,127.0
2282,30190,4.0,0.0,0.0,1.0
2283,30191,19.0,15.0,3.0,5.0
2284,30192,7.0,8.0,2.0,4.0
2285,30193,749.0,965.0,62.0,2287.0
2286,30194,6.0,5.0,0.0,2.0
2287,30195,3.0,2.0,0.0,0.0
2288,30196,13.0,15.0,1.0,2.0
2289,30197,7.0,8.0,1.0,1.0
2290,30198,8.0,5.0,0.0,1.0
2291,30199,3.0,2.0,0.0,1.0
2292,30200,3.0,5.0,0.0,1.0
2293,30201,38.0,30.0,1.0,2.0
2294,30202,9.0,5.0,0.0,0.0
2295,30203,3.0,1.0,0.0,1.0
2296,30204,91.0,57.0,8.0,36.0
2297,30205,14.0,17.0,1.0,4.0
2298,30206,49.0,33.0,4.0,75.0
2299,30207,31.0,41.0,1.0,6.0
2300,30208,40.0,39.0,1.0,3.0
2301,30209,5.0,6.0,0.0,0.0
2302,30210,20.0,17.0,0.0,4.0
2303,30211,24.0,18.0,1.0,7.0
2304,30212,9.0,3.0,1.0,0.0
2305,30998,23.0,8.0,3.0,6.0
2306,30999,9.0,2.0,2.0,1.0
2307,31001,2.0,2.0,0.0,0.0
2308,31002,6.0,1.0,0.0,0.0
2309,31003,6.0,2.0,0.0,0.0
2310,31004,21.0,2.0,0.0,0.0
2311,31005,11.0,2.0,0.0,0.0
2312,31006,1.0,0.0,0.0,0.0
2313,31007,11.0,5.0,0.0,0.0
2314,31008,0.0,0.0,0.0,0.0
2315,31009,3.0,1.0,0.0,0.0
2316,31010,0.0,0.0,0.0,0.0
2317,31011,1.0,0.0,0.0,0.0
2318,31012,2.0,1.0,0.0,0.0
2319,31013,0.0,0.0,0.0,0.0
2320,31014,0.0,1.0,0.0,0.0
2321,31015,2.0,0.0,0.0,0.0
2322,31016,0.0,0.0,0.0,0.0
2323,31017,9.0,0.0,0.0,0.0
2324,31018,1.0,0.0,0.0,0.0
2325,31019,0.0,0.0,0.0,0.0
2326,31020,2.0,3.0,0.0,0.0
2327,31021,0.0,0.0,0.0,0.0
2328,31022,0.0,0.0,0.0,0.0
2329,31023,2.0,1.0,0.0,0.0
2330,31024,0.0,1.0,0.0,0.0
2331,31025,5.0,0.0,0.0,0.0
2332,31026,2.0,0.0,0.0,0.0
2333,31027,3.0,1.0,0.0,0.0
2334,31028,5.0,0.0,0.0,0.0
2335,31029,5.0,0.0,0.0,0.0
2336,31030,0.0,0.0,0.0,0.0
2337,31031,2.0,0.0,0.0,0.0
2338,31032,0.0,0.0,0.0,0.0
2339,31033,8.0,1.0,0.0,0.0
2340,31034,1.0,0.0,0.0,0.0
2341,31035,0.0,0.0,0.0,0.0
2342,31036,4.0,0.0,0.0,0.0
2343,31037,1.0,0.0,0.0,1.0
2344,31038,10.0,5.0,0.0,3.0
2345,31039,1.0,0.0,0.0,0.0
2346,31040,13.0,5.0,0.0,1.0
2347,31041,78.0,8.0,0.0,13.0
2348,31042,1.0,0.0,0.0,0.0
2349,31043,0.0,0.0,0.0,0.0
2350,31044,0.0,0.0,0.0,0.0
2351,31045,2.0,0.0,0.0,0.0
2352,31046,2.0,0.0,0.0,0.0
2353,31047,1.0,1.0,0.0,0.0
2354,31048,16.0,2.0,0.0,1.0
2355,31049,0.0,0.0,0.0,0.0
2356,31050,2201.0,1860.0,2.0,44.0
2357,31051,6.0,1.0,0.0,0.0
2358,31052,100.0,21.0,0.0,7.0
2359,31053,0.0,0.0,0.0,0.0
2360,31054,1.0,1.0,0.0,0.0
2361,31055,2.0,0.0,0.0,0.0
2362,31056,5.0,4.0,0.0,0.0
2363,31057,0.0,0.0,0.0,0.0
2364,31058,5.0,6.0,0.0,0.0
2365,31059,62.0,7.0,0.0,6.0
2366,31060,0.0,0.0,0.0,0.0
2367,31061,0.0,0.0,0.0,0.0
2368,31062,1.0,0.0,0.0,0.0
2369,31063,3.0,2.0,0.0,0.0
2370,31064,0.0,0.0,0.0,0.0
2371,31065,0.0,0.0,0.0,0.0
2372,31066,2.0,0.0,0.0,0.0
2373,31067,11.0,0.0,0.0,0.0
2374,31068,0.0,1.0,0.0,0.0
2375,31069,2.0,0.0,0.0,0.0
2376,31070,0.0,0.0,0.0,0.0
2377,31071,1.0,0.0,0.0,0.0
2378,31072,0.0,1.0,0.0,0.0
2379,31073,1.0,0.0,0.0,0.0
2380,31074,0.0,0.0,0.0,0.0
2381,31075,0.0,0.0,0.0,0.0
2382,31076,6.0,1.0,0.0,0.0
2383,31077,0.0,0.0,0.0,0.0
2384,31078,1.0,0.0,0.0,0.0
2385,31079,56.0,12.0,0.0,2.0
2386,31080,0.0,0.0,0.0,0.0
2387,31081,0.0,0.0,0.0,0.0
2388,31082,2.0,0.0,0.0,0.0
2389,31083,0.0,0.0,0.0,0.0
2390,31084,3.0,1.0,0.0,0.0
2391,31085,0.0,0.0,0.0,0.0
2392,31086,0.0,0.0,0.0,0.0
2393,31087,0.0,0.0,0.0,0.0
2394,31088,0.0,0.0,0.0,0.0
2395,31089,7.0,7.0,0.0,6.0
2396,31090,2.0,0.0,0.0,0.0
2397,31091,0.0,0.0,0.0,0.0
2398,31092,0.0,0.0,0.0,0.0
2399,31093,3.0,0.0,0.0,0.0
2400,31094,1.0,2.0,0.0,0.0
2401,31095,0.0,0.0,0.0,0.0
2402,31096,9.0,8.0,0.0,3.0
2403,31097,0.0,0.0,0.0,0.0
2404,31098,0.0,0.0,0.0,0.0
2405,31099,0.0,1.0,0.0,0.0
2406,31100,0.0,0.0,0.0,0.0
2407,31101,49.0,5.0,0.0,8.0
2408,31102,11.0,18.0,0.0,7.0
2409,31103,1.0,0.0,0.0,0.0
2410,31104,0.0,0.0,0.0,0.0
2411,31105,2.0,0.0,0.0,0.0
2412,31106,3.0,1.0,0.0,0.0
2413,32001,3.0,7.0,0.0,0.0
2414,32002,0.0,2.0,0.0,0.0
2415,32003,0.0,0.0,0.0,0.0
2416,32004,1.0,2.0,0.0,0.0
2417,32005,37.0,83.0,17.0,4.0
2418,32006,1.0,1.0,0.0,0.0
2419,32007,19.0,20.0,3.0,2.0
2420,32008,2.0,5.0,0.0,0.0
2421,32009,1.0,4.0,2.0,0.0
2422,32010,326.0,482.0,109.0,35.0
2423,32011,0.0,3.0,0.0,0.0
2424,32012,7.0,15.0,0.0,0.0
2425,32013,7.0,9.0,4.0,1.0
2426,32014,8.0,7.0,1.0,0.0
2427,32015,1.0,1.0,0.0,0.0
2428,32016,0.0,6.0,6.0,0.0
2429,32017,271.0,446.0,71.0,61.0
2430,32018,3.0,8.0,0.0,0.0
2431,32019,32.0,44.0,9.0,0.0
2432,32020,60.0,62.0,13.0,4.0
2433,32021,1.0,5.0,0.0,0.0
2434,32022,12.0,34.0,4.0,0.0
2435,32023,11.0,17.0,2.0,0.0
2436,32024,7.0,46.0,7.0,0.0
2437,32025,4.0,9.0,0.0,1.0
2438,32026,8.0,13.0,2.0,1.0
2439,32027,1.0,0.0,0.0,0.0
2440,32028,0.0,3.0,0.0,0.0
2441,32029,9.0,19.0,2.0,0.0
2442,32030,4.0,5.0,0.0,0.0
2443,32031,8.0,10.0,2.0,0.0
2444,32032,12.0,17.0,6.0,0.0
2445,32033,3.0,5.0,0.0,0.0
2446,32034,13.0,31.0,5.0,4.0
2447,32035,3.0,4.0,2.0,0.0
2448,32036,23.0,41.0,14.0,7.0
2449,32037,13.0,26.0,3.0,0.0
2450,32038,15.0,51.0,5.0,2.0
2451,32039,22.0,45.0,15.0,0.0
2452,32040,6.0,20.0,2.0,2.0
2453,32041,2.0,2.0,0.0,0.0
2454,32042,29.0,68.0,8.0,6.0
2455,32043,3.0,1.0,0.0,0.0
2456,32044,9.0,12.0,1.0,0.0
2457,32045,10.0,24.0,0.0,0.0
2458,32046,2.0,3.0,2.0,1.0
2459,32047,4.0,15.0,2.0,0.0
2460,32048,29.0,53.0,4.0,3.0
2461,32049,19.0,52.0,10.0,0.0
2462,32050,9.0,13.0,1.0,0.0
2463,32051,8.0,40.0,6.0,0.0
2464,32052,2.0,8.0,0.0,0.0
2465,32053,1.0,6.0,3.0,0.0
2466,32054,1.0,5.0,3.0,0.0
2467,32055,35.0,57.0,7.0,3.0
2468,32056,297.0,512.0,98.0,62.0
2469,32057,33.0,25.0,11.0,2.0
2470,32058,3.0,4.0,0.0,0.0
